URL,Lang,Overall Score,Title Status,Title Score,Title Notes,Meta Desc Status,Meta Desc Score,Meta Desc Notes,Headings Status,Headings Score,Headings Notes,Canonical Status,Canonical Score,Canonical Notes,Schema Status,Schema Score,Schema Notes,Hreflang Status,Hreflang Score,Hreflang Notes,OpenGraph Status,OpenGraph Score,OpenGraph Notes,ARIA Status,ARIA Score,ARIA Notes,Keywords Status,Keywords Score,Keywords Notes,Content Status,Content Score,Content Notes,Images Status,Images Score,Images Notes,Links Status,Links Score,Links Notes,Robots Status,Robots Score,Robots Notes,Mobile Status,Mobile Score,Mobile Notes
http://localhost:3000/en/,en,62.857142857142854,warn,50,Title length 46,warn,60,Similar descriptions found,pass,100,Good,fail,0,Canonical missing or incorrect,fail,20,Invalid JSON-LD,fail,0,Self hreflang missing or incorrect,fail,0,Missing OG tags,pass,100,Good,warn,50,Keyword density 2.05%,pass,100,Good,pass,100,Good,pass,100,Good,pass,100,Good,pass,100,Good
http://localhost:3000/de/,de,71.42857142857143,warn,50,Title length 46,warn,60,Similar descriptions found,pass,100,Good,fail,0,Canonical missing or incorrect,fail,20,Invalid JSON-LD,warn,70,No x-default,fail,0,Missing OG tags,pass,100,Good,pass,100,Good,pass,100,Good,pass,100,Good,pass,100,Good,pass,100,Good,pass,100,Good
http://localhost:3000/fr/,fr,71.42857142857143,warn,50,Title length 46,warn,60,Similar descriptions found,pass,100,Good,fail,0,Canonical missing or incorrect,fail,20,Invalid JSON-LD,warn,70,No x-default,fail,0,Missing OG tags,pass,100,Good,pass,100,Good,pass,100,Good,pass,100,Good,pass,100,Good,pass,100,Good,pass,100,Good
http://localhost:3000/it/,it,74.28571428571429,warn,50,Title length 46,pass,100,Good,pass,100,Good,fail,0,Canonical missing or incorrect,fail,20,Invalid JSON-LD,warn,70,No x-default,fail,0,Missing OG tags,pass,100,Good,pass,100,Good,pass,100,Good,pass,100,Good,pass,100,Good,pass,100,Good,pass,100,Good
http://localhost:3000/es/,es,71.42857142857143,warn,50,Title length 46,warn,60,Similar descriptions found,pass,100,Good,fail,0,Canonical missing or incorrect,fail,20,Invalid JSON-LD,warn,70,No x-default,fail,0,Missing OG tags,pass,100,Good,pass,100,Good,pass,100,Good,pass,100,Good,pass,100,Good,pass,100,Good,pass,100,Good
http://localhost:3000/id/,id,74.28571428571429,warn,50,Title length 46,pass,100,Good,pass,100,Good,fail,0,Canonical missing or incorrect,fail,20,Invalid JSON-LD,warn,70,No x-default,fail,0,Missing OG tags,pass,100,Good,pass,100,Good,pass,100,Good,pass,100,Good,pass,100,Good,pass,100,Good,pass,100,Good
http://localhost:3000/en/features,en,68.57142857142857,warn,50,Title length 27,warn,60,Similar descriptions found,pass,100,Good,fail,0,Canonical missing or incorrect,pass,100,Valid schema,fail,0,Self hreflang missing or incorrect,fail,0,Missing OG tags,pass,100,Good,pass,100,Good,pass,100,Good,pass,100,Good,warn,50,Only 2 internal links,pass,100,Good,pass,100,Good
http://localhost:3000/de/features,de,76.42857142857143,warn,50,Title length 27,pass,100,Good,pass,100,Good,fail,0,Canonical missing or incorrect,pass,100,Valid schema,warn,70,No x-default,fail,0,Missing OG tags,pass,100,Good,pass,100,Good,pass,100,Good,pass,100,Good,warn,50,Only 2 internal links,pass,100,Good,pass,100,Good
http://localhost:3000/fr/features,fr,76.42857142857143,warn,50,Title length 27,pass,100,Good,pass,100,Good,fail,0,Canonical missing or incorrect,pass,100,Valid schema,warn,70,No x-default,fail,0,Missing OG tags,pass,100,Good,pass,100,Good,pass,100,Good,pass,100,Good,warn,50,Only 2 internal links,pass,100,Good,pass,100,Good
http://localhost:3000/it/features,it,73.57142857142857,warn,50,Title length 27,warn,60,Similar descriptions found,pass,100,Good,fail,0,Canonical missing or incorrect,pass,100,Valid schema,warn,70,No x-default,fail,0,Missing OG tags,pass,100,Good,pass,100,Good,pass,100,Good,pass,100,Good,warn,50,Only 2 internal links,pass,100,Good,pass,100,Good
http://localhost:3000/es/features,es,73.57142857142857,warn,50,Title length 27,warn,60,Similar descriptions found,pass,100,Good,fail,0,Canonical missing or incorrect,pass,100,Valid schema,warn,70,No x-default,fail,0,Missing OG tags,pass,100,Good,pass,100,Good,pass,100,Good,pass,100,Good,warn,50,Only 2 internal links,pass,100,Good,pass,100,Good
http://localhost:3000/id/features,id,73.57142857142857,warn,50,Title length 27,warn,60,Similar descriptions found,pass,100,Good,fail,0,Canonical missing or incorrect,pass,100,Valid schema,warn,70,No x-default,fail,0,Missing OG tags,pass,100,Good,pass,100,Good,pass,100,Good,pass,100,Good,warn,50,Only 2 internal links,pass,100,Good,pass,100,Good
http://localhost:3000/en/features/seo-audit,en,0,,,,,,,,,,,,,,,,,,,,,,,,,,,,,,,,,,,,,,,,,,
http://localhost:3000/de/features/seo-audit,de,0,,,,,,,,,,,,,,,,,,,,,,,,,,,,,,,,,,,,,,,,,,
http://localhost:3000/fr/features/seo-audit,fr,0,,,,,,,,,,,,,,,,,,,,,,,,,,,,,,,,,,,,,,,,,,
http://localhost:3000/it/features/seo-audit,it,0,,,,,,,,,,,,,,,,,,,,,,,,,,,,,,,,,,,,,,,,,,
http://localhost:3000/es/features/seo-audit,es,0,,,,,,,,,,,,,,,,,,,,,,,,,,,,,,,,,,,,,,,,,,
http://localhost:3000/id/features/seo-audit,id,0,,,,,,,,,,,,,,,,,,,,,,,,,,,,,,,,,,,,,,,,,,
http://localhost:3000/en/features/site-crawler,en,0,,,,,,,,,,,,,,,,,,,,,,,,,,,,,,,,,,,,,,,,,,
http://localhost:3000/de/features/site-crawler,de,0,,,,,,,,,,,,,,,,,,,,,,,,,,,,,,,,,,,,,,,,,,
http://localhost:3000/fr/features/site-crawler,fr,0,,,,,,,,,,,,,,,,,,,,,,,,,,,,,,,,,,,,,,,,,,
http://localhost:3000/it/features/site-crawler,it,0,,,,,,,,,,,,,,,,,,,,,,,,,,,,,,,,,,,,,,,,,,
http://localhost:3000/es/features/site-crawler,es,0,,,,,,,,,,,,,,,,,,,,,,,,,,,,,,,,,,,,,,,,,,
http://localhost:3000/id/features/site-crawler,id,0,,,,,,,,,,,,,,,,,,,,,,,,,,,,,,,,,,,,,,,,,,
http://localhost:3000/en/features/keyword-tracking,en,0,,,,,,,,,,,,,,,,,,,,,,,,,,,,,,,,,,,,,,,,,,
http://localhost:3000/de/features/keyword-tracking,de,0,,,,,,,,,,,,,,,,,,,,,,,,,,,,,,,,,,,,,,,,,,
http://localhost:3000/fr/features/keyword-tracking,fr,0,,,,,,,,,,,,,,,,,,,,,,,,,,,,,,,,,,,,,,,,,,
http://localhost:3000/it/features/keyword-tracking,it,0,,,,,,,,,,,,,,,,,,,,,,,,,,,,,,,,,,,,,,,,,,
http://localhost:3000/es/features/keyword-tracking,es,0,,,,,,,,,,,,,,,,,,,,,,,,,,,,,,,,,,,,,,,,,,
http://localhost:3000/id/features/keyword-tracking,id,0,,,,,,,,,,,,,,,,,,,,,,,,,,,,,,,,,,,,,,,,,,
http://localhost:3000/en/features/competitor-analysis,en,68.57142857142857,warn,50,Title length 27,warn,60,Similar descriptions found,pass,100,Good,fail,0,Canonical missing or incorrect,pass,100,Valid schema,fail,0,Self hreflang missing or incorrect,fail,0,Missing OG tags,pass,100,Good,warn,50,Keyword density 2.16%,pass,100,Good,pass,100,Good,pass,100,Good,pass,100,Good,pass,100,Good
http://localhost:3000/de/features/competitor-analysis,de,72.14285714285714,warn,50,Title length 27,warn,60,Similar descriptions found,pass,100,Good,fail,0,Canonical missing or incorrect,pass,100,Valid schema,fail,0,Self hreflang missing or incorrect,fail,0,Missing OG tags,pass,100,Good,pass,100,Good,pass,100,Good,pass,100,Good,pass,100,Good,pass,100,Good,pass,100,Good
http://localhost:3000/fr/features/competitor-analysis,fr,72.14285714285714,warn,50,Title length 27,warn,60,Similar descriptions found,pass,100,Good,fail,0,Canonical missing or incorrect,pass,100,Valid schema,fail,0,Self hreflang missing or incorrect,fail,0,Missing OG tags,pass,100,Good,pass,100,Good,pass,100,Good,pass,100,Good,pass,100,Good,pass,100,Good,pass,100,Good
http://localhost:3000/it/features/competitor-analysis,it,72.14285714285714,warn,50,Title length 27,warn,60,Similar descriptions found,pass,100,Good,fail,0,Canonical missing or incorrect,pass,100,Valid schema,fail,0,Self hreflang missing or incorrect,fail,0,Missing OG tags,pass,100,Good,pass,100,Good,pass,100,Good,pass,100,Good,pass,100,Good,pass,100,Good,pass,100,Good
http://localhost:3000/es/features/competitor-analysis,es,72.14285714285714,warn,50,Title length 27,warn,60,Similar descriptions found,pass,100,Good,fail,0,Canonical missing or incorrect,pass,100,Valid schema,fail,0,Self hreflang missing or incorrect,fail,0,Missing OG tags,pass,100,Good,pass,100,Good,pass,100,Good,pass,100,Good,pass,100,Good,pass,100,Good,pass,100,Good
http://localhost:3000/id/features/competitor-analysis,id,72.14285714285714,warn,50,Title length 27,warn,60,Similar descriptions found,pass,100,Good,fail,0,Canonical missing or incorrect,pass,100,Valid schema,fail,0,Self hreflang missing or incorrect,fail,0,Missing OG tags,pass,100,Good,pass,100,Good,pass,100,Good,pass,100,Good,pass,100,Good,pass,100,Good,pass,100,Good
http://localhost:3000/en/features/ai-assistant,en,68.57142857142857,warn,50,Title length 27,warn,60,Similar descriptions found,pass,100,Good,fail,0,Canonical missing or incorrect,pass,100,Valid schema,fail,0,Self hreflang missing or incorrect,fail,0,Missing OG tags,pass,100,Good,warn,50,Keyword density 2.08%,pass,100,Good,pass,100,Good,pass,100,Good,pass,100,Good,pass,100,Good
http://localhost:3000/de/features/ai-assistant,de,72.14285714285714,warn,50,Title length 27,warn,60,Similar descriptions found,pass,100,Good,fail,0,Canonical missing or incorrect,pass,100,Valid schema,fail,0,Self hreflang missing or incorrect,fail,0,Missing OG tags,pass,100,Good,pass,100,Good,pass,100,Good,pass,100,Good,pass,100,Good,pass,100,Good,pass,100,Good
http://localhost:3000/fr/features/ai-assistant,fr,72.14285714285714,warn,50,Title length 27,warn,60,Similar descriptions found,pass,100,Good,fail,0,Canonical missing or incorrect,pass,100,Valid schema,fail,0,Self hreflang missing or incorrect,fail,0,Missing OG tags,pass,100,Good,pass,100,Good,pass,100,Good,pass,100,Good,pass,100,Good,pass,100,Good,pass,100,Good
http://localhost:3000/it/features/ai-assistant,it,72.14285714285714,warn,50,Title length 27,warn,60,Similar descriptions found,pass,100,Good,fail,0,Canonical missing or incorrect,pass,100,Valid schema,fail,0,Self hreflang missing or incorrect,fail,0,Missing OG tags,pass,100,Good,pass,100,Good,pass,100,Good,pass,100,Good,pass,100,Good,pass,100,Good,pass,100,Good
http://localhost:3000/es/features/ai-assistant,es,0,,,,,,,,,,,,,,,,,,,,,,,,,,,,,,,,,,,,,,,,,,
http://localhost:3000/id/features/ai-assistant,id,0,,,,,,,,,,,,,,,,,,,,,,,,,,,,,,,,,,,,,,,,,,
http://localhost:3000/en/pricing,en,0,,,,,,,,,,,,,,,,,,,,,,,,,,,,,,,,,,,,,,,,,,
http://localhost:3000/de/pricing,de,0,,,,,,,,,,,,,,,,,,,,,,,,,,,,,,,,,,,,,,,,,,
http://localhost:3000/fr/pricing,fr,0,,,,,,,,,,,,,,,,,,,,,,,,,,,,,,,,,,,,,,,,,,
http://localhost:3000/it/pricing,it,0,,,,,,,,,,,,,,,,,,,,,,,,,,,,,,,,,,,,,,,,,,
http://localhost:3000/es/pricing,es,0,,,,,,,,,,,,,,,,,,,,,,,,,,,,,,,,,,,,,,,,,,
http://localhost:3000/id/pricing,id,0,,,,,,,,,,,,,,,,,,,,,,,,,,,,,,,,,,,,,,,,,,
http://localhost:3000/en/demo,en,0,,,,,,,,,,,,,,,,,,,,,,,,,,,,,,,,,,,,,,,,,,
http://localhost:3000/de/demo,de,0,,,,,,,,,,,,,,,,,,,,,,,,,,,,,,,,,,,,,,,,,,
http://localhost:3000/fr/demo,fr,0,,,,,,,,,,,,,,,,,,,,,,,,,,,,,,,,,,,,,,,,,,
http://localhost:3000/it/demo,it,0,,,,,,,,,,,,,,,,,,,,,,,,,,,,,,,,,,,,,,,,,,
http://localhost:3000/es/demo,es,0,,,,,,,,,,,,,,,,,,,,,,,,,,,,,,,,,,,,,,,,,,
http://localhost:3000/id/demo,id,0,,,,,,,,,,,,,,,,,,,,,,,,,,,,,,,,,,,,,,,,,,
http://localhost:3000/en/about,en,0,,,,,,,,,,,,,,,,,,,,,,,,,,,,,,,,,,,,,,,,,,
http://localhost:3000/de/about,de,0,,,,,,,,,,,,,,,,,,,,,,,,,,,,,,,,,,,,,,,,,,
http://localhost:3000/fr/about,fr,0,,,,,,,,,,,,,,,,,,,,,,,,,,,,,,,,,,,,,,,,,,
http://localhost:3000/it/about,it,0,,,,,,,,,,,,,,,,,,,,,,,,,,,,,,,,,,,,,,,,,,
http://localhost:3000/es/about,es,0,,,,,,,,,,,,,,,,,,,,,,,,,,,,,,,,,,,,,,,,,,
http://localhost:3000/id/about,id,0,,,,,,,,,,,,,,,,,,,,,,,,,,,,,,,,,,,,,,,,,,
http://localhost:3000/en/careers,en,0,,,,,,,,,,,,,,,,,,,,,,,,,,,,,,,,,,,,,,,,,,
http://localhost:3000/de/careers,de,0,,,,,,,,,,,,,,,,,,,,,,,,,,,,,,,,,,,,,,,,,,
http://localhost:3000/fr/careers,fr,0,,,,,,,,,,,,,,,,,,,,,,,,,,,,,,,,,,,,,,,,,,
http://localhost:3000/it/careers,it,0,,,,,,,,,,,,,,,,,,,,,,,,,,,,,,,,,,,,,,,,,,
http://localhost:3000/es/careers,es,0,,,,,,,,,,,,,,,,,,,,,,,,,,,,,,,,,,,,,,,,,,
http://localhost:3000/id/careers,id,0,,,,,,,,,,,,,,,,,,,,,,,,,,,,,,,,,,,,,,,,,,
http://localhost:3000/en/blog,en,0,,,,,,,,,,,,,,,,,,,,,,,,,,,,,,,,,,,,,,,,,,
http://localhost:3000/de/blog,de,0,,,,,,,,,,,,,,,,,,,,,,,,,,,,,,,,,,,,,,,,,,
http://localhost:3000/fr/blog,fr,0,,,,,,,,,,,,,,,,,,,,,,,,,,,,,,,,,,,,,,,,,,
http://localhost:3000/it/blog,it,0,,,,,,,,,,,,,,,,,,,,,,,,,,,,,,,,,,,,,,,,,,
http://localhost:3000/es/blog,es,0,,,,,,,,,,,,,,,,,,,,,,,,,,,,,,,,,,,,,,,,,,
http://localhost:3000/id/blog,id,0,,,,,,,,,,,,,,,,,,,,,,,,,,,,,,,,,,,,,,,,,,
http://localhost:3000/en/blog/ai-powered-seo-future,en,0,,,,,,,,,,,,,,,,,,,,,,,,,,,,,,,,,,,,,,,,,,
http://localhost:3000/de/blog/ai-powered-seo-future,de,0,,,,,,,,,,,,,,,,,,,,,,,,,,,,,,,,,,,,,,,,,,
http://localhost:3000/fr/blog/ai-powered-seo-future,fr,0,,,,,,,,,,,,,,,,,,,,,,,,,,,,,,,,,,,,,,,,,,
http://localhost:3000/it/blog/ai-powered-seo-future,it,0,,,,,,,,,,,,,,,,,,,,,,,,,,,,,,,,,,,,,,,,,,
http://localhost:3000/es/blog/ai-powered-seo-future,es,0,,,,,,,,,,,,,,,,,,,,,,,,,,,,,,,,,,,,,,,,,,
http://localhost:3000/id/blog/ai-powered-seo-future,id,0,,,,,,,,,,,,,,,,,,,,,,,,,,,,,,,,,,,,,,,,,,
http://localhost:3000/en/blog/complete-seo-audit-checklist-2025,en,0,,,,,,,,,,,,,,,,,,,,,,,,,,,,,,,,,,,,,,,,,,
http://localhost:3000/de/blog/complete-seo-audit-checklist-2025,de,0,,,,,,,,,,,,,,,,,,,,,,,,,,,,,,,,,,,,,,,,,,
http://localhost:3000/fr/blog/complete-seo-audit-checklist-2025,fr,0,,,,,,,,,,,,,,,,,,,,,,,,,,,,,,,,,,,,,,,,,,
http://localhost:3000/it/blog/complete-seo-audit-checklist-2025,it,0,,,,,,,,,,,,,,,,,,,,,,,,,,,,,,,,,,,,,,,,,,
http://localhost:3000/es/blog/complete-seo-audit-checklist-2025,es,0,,,,,,,,,,,,,,,,,,,,,,,,,,,,,,,,,,,,,,,,,,
http://localhost:3000/id/blog/complete-seo-audit-checklist-2025,id,0,,,,,,,,,,,,,,,,,,,,,,,,,,,,,,,,,,,,,,,,,,
http://localhost:3000/en/blog/content-seo-creating-search-friendly-content,en,0,,,,,,,,,,,,,,,,,,,,,,,,,,,,,,,,,,,,,,,,,,
http://localhost:3000/de/blog/content-seo-creating-search-friendly-content,de,0,,,,,,,,,,,,,,,,,,,,,,,,,,,,,,,,,,,,,,,,,,
http://localhost:3000/fr/blog/content-seo-creating-search-friendly-content,fr,0,,,,,,,,,,,,,,,,,,,,,,,,,,,,,,,,,,,,,,,,,,
http://localhost:3000/it/blog/content-seo-creating-search-friendly-content,it,0,,,,,,,,,,,,,,,,,,,,,,,,,,,,,,,,,,,,,,,,,,
http://localhost:3000/es/blog/content-seo-creating-search-friendly-content,es,0,,,,,,,,,,,,,,,,,,,,,,,,,,,,,,,,,,,,,,,,,,
http://localhost:3000/id/blog/content-seo-creating-search-friendly-content,id,0,,,,,,,,,,,,,,,,,,,,,,,,,,,,,,,,,,,,,,,,,,
http://localhost:3000/en/blog/core-web-vitals-optimization-guide,en,0,,,,,,,,,,,,,,,,,,,,,,,,,,,,,,,,,,,,,,,,,,
http://localhost:3000/de/blog/core-web-vitals-optimization-guide,de,0,,,,,,,,,,,,,,,,,,,,,,,,,,,,,,,,,,,,,,,,,,
http://localhost:3000/fr/blog/core-web-vitals-optimization-guide,fr,0,,,,,,,,,,,,,,,,,,,,,,,,,,,,,,,,,,,,,,,,,,
http://localhost:3000/it/blog/core-web-vitals-optimization-guide,it,0,,,,,,,,,,,,,,,,,,,,,,,,,,,,,,,,,,,,,,,,,,
http://localhost:3000/es/blog/core-web-vitals-optimization-guide,es,0,,,,,,,,,,,,,,,,,,,,,,,,,,,,,,,,,,,,,,,,,,
http://localhost:3000/id/blog/core-web-vitals-optimization-guide,id,0,,,,,,,,,,,,,,,,,,,,,,,,,,,,,,,,,,,,,,,,,,
http://localhost:3000/en/blog/local-seo-strategies-that-work,en,0,,,,,,,,,,,,,,,,,,,,,,,,,,,,,,,,,,,,,,,,,,
http://localhost:3000/de/blog/local-seo-strategies-that-work,de,0,,,,,,,,,,,,,,,,,,,,,,,,,,,,,,,,,,,,,,,,,,
http://localhost:3000/fr/blog/local-seo-strategies-that-work,fr,0,,,,,,,,,,,,,,,,,,,,,,,,,,,,,,,,,,,,,,,,,,
http://localhost:3000/it/blog/local-seo-strategies-that-work,it,0,,,,,,,,,,,,,,,,,,,,,,,,,,,,,,,,,,,,,,,,,,
http://localhost:3000/es/blog/local-seo-strategies-that-work,es,0,,,,,,,,,,,,,,,,,,,,,,,,,,,,,,,,,,,,,,,,,,
http://localhost:3000/id/blog/local-seo-strategies-that-work,id,0,,,,,,,,,,,,,,,,,,,,,,,,,,,,,,,,,,,,,,,,,,
http://localhost:3000/en/blog/technical-seo-best-practices-2025,en,0,,,,,,,,,,,,,,,,,,,,,,,,,,,,,,,,,,,,,,,,,,
http://localhost:3000/de/blog/technical-seo-best-practices-2025,de,0,,,,,,,,,,,,,,,,,,,,,,,,,,,,,,,,,,,,,,,,,,
http://localhost:3000/fr/blog/technical-seo-best-practices-2025,fr,0,,,,,,,,,,,,,,,,,,,,,,,,,,,,,,,,,,,,,,,,,,
http://localhost:3000/it/blog/technical-seo-best-practices-2025,it,0,,,,,,,,,,,,,,,,,,,,,,,,,,,,,,,,,,,,,,,,,,
http://localhost:3000/es/blog/technical-seo-best-practices-2025,es,0,,,,,,,,,,,,,,,,,,,,,,,,,,,,,,,,,,,,,,,,,,
http://localhost:3000/id/blog/technical-seo-best-practices-2025,id,0,,,,,,,,,,,,,,,,,,,,,,,,,,,,,,,,,,,,,,,,,,
http://localhost:3000/en/case-studies,en,0,,,,,,,,,,,,,,,,,,,,,,,,,,,,,,,,,,,,,,,,,,
http://localhost:3000/de/case-studies,de,0,,,,,,,,,,,,,,,,,,,,,,,,,,,,,,,,,,,,,,,,,,
http://localhost:3000/fr/case-studies,fr,0,,,,,,,,,,,,,,,,,,,,,,,,,,,,,,,,,,,,,,,,,,
http://localhost:3000/it/case-studies,it,0,,,,,,,,,,,,,,,,,,,,,,,,,,,,,,,,,,,,,,,,,,
http://localhost:3000/es/case-studies,es,0,,,,,,,,,,,,,,,,,,,,,,,,,,,,,,,,,,,,,,,,,,
http://localhost:3000/id/case-studies,id,0,,,,,,,,,,,,,,,,,,,,,,,,,,,,,,,,,,,,,,,,,,
http://localhost:3000/en/case-studies/cloudsync-pro,en,0,,,,,,,,,,,,,,,,,,,,,,,,,,,,,,,,,,,,,,,,,,
http://localhost:3000/de/case-studies/cloudsync-pro,de,0,,,,,,,,,,,,,,,,,,,,,,,,,,,,,,,,,,,,,,,,,,
http://localhost:3000/fr/case-studies/cloudsync-pro,fr,0,,,,,,,,,,,,,,,,,,,,,,,,,,,,,,,,,,,,,,,,,,
http://localhost:3000/it/case-studies/cloudsync-pro,it,0,,,,,,,,,,,,,,,,,,,,,,,,,,,,,,,,,,,,,,,,,,
http://localhost:3000/es/case-studies/cloudsync-pro,es,0,,,,,,,,,,,,,,,,,,,,,,,,,,,,,,,,,,,,,,,,,,
http://localhost:3000/id/case-studies/cloudsync-pro,id,0,,,,,,,,,,,,,,,,,,,,,,,,,,,,,,,,,,,,,,,,,,
http://localhost:3000/en/case-studies/digital-growth-agency,en,0,,,,,,,,,,,,,,,,,,,,,,,,,,,,,,,,,,,,,,,,,,
http://localhost:3000/de/case-studies/digital-growth-agency,de,0,,,,,,,,,,,,,,,,,,,,,,,,,,,,,,,,,,,,,,,,,,
http://localhost:3000/fr/case-studies/digital-growth-agency,fr,0,,,,,,,,,,,,,,,,,,,,,,,,,,,,,,,,,,,,,,,,,,
http://localhost:3000/it/case-studies/digital-growth-agency,it,0,,,,,,,,,,,,,,,,,,,,,,,,,,,,,,,,,,,,,,,,,,
http://localhost:3000/es/case-studies/digital-growth-agency,es,0,,,,,,,,,,,,,,,,,,,,,,,,,,,,,,,,,,,,,,,,,,
http://localhost:3000/id/case-studies/digital-growth-agency,id,0,,,,,,,,,,,,,,,,,,,,,,,,,,,,,,,,,,,,,,,,,,
http://localhost:3000/en/case-studies/gearhub-pro,en,0,,,,,,,,,,,,,,,,,,,,,,,,,,,,,,,,,,,,,,,,,,
http://localhost:3000/de/case-studies/gearhub-pro,de,0,,,,,,,,,,,,,,,,,,,,,,,,,,,,,,,,,,,,,,,,,,
http://localhost:3000/fr/case-studies/gearhub-pro,fr,0,,,,,,,,,,,,,,,,,,,,,,,,,,,,,,,,,,,,,,,,,,
http://localhost:3000/it/case-studies/gearhub-pro,it,0,,,,,,,,,,,,,,,,,,,,,,,,,,,,,,,,,,,,,,,,,,
http://localhost:3000/es/case-studies/gearhub-pro,es,0,,,,,,,,,,,,,,,,,,,,,,,,,,,,,,,,,,,,,,,,,,
http://localhost:3000/id/case-studies/gearhub-pro,id,0,,,,,,,,,,,,,,,,,,,,,,,,,,,,,,,,,,,,,,,,,,
http://localhost:3000/en/case-studies/peak-performance,en,0,,,,,,,,,,,,,,,,,,,,,,,,,,,,,,,,,,,,,,,,,,
http://localhost:3000/de/case-studies/peak-performance,de,0,,,,,,,,,,,,,,,,,,,,,,,,,,,,,,,,,,,,,,,,,,
http://localhost:3000/fr/case-studies/peak-performance,fr,0,,,,,,,,,,,,,,,,,,,,,,,,,,,,,,,,,,,,,,,,,,
http://localhost:3000/it/case-studies/peak-performance,it,0,,,,,,,,,,,,,,,,,,,,,,,,,,,,,,,,,,,,,,,,,,
http://localhost:3000/es/case-studies/peak-performance,es,0,,,,,,,,,,,,,,,,,,,,,,,,,,,,,,,,,,,,,,,,,,
http://localhost:3000/id/case-studies/peak-performance,id,0,,,,,,,,,,,,,,,,,,,,,,,,,,,,,,,,,,,,,,,,,,
http://localhost:3000/en/case-studies/stylecraft-boutique,en,0,,,,,,,,,,,,,,,,,,,,,,,,,,,,,,,,,,,,,,,,,,
http://localhost:3000/de/case-studies/stylecraft-boutique,de,0,,,,,,,,,,,,,,,,,,,,,,,,,,,,,,,,,,,,,,,,,,
http://localhost:3000/fr/case-studies/stylecraft-boutique,fr,0,,,,,,,,,,,,,,,,,,,,,,,,,,,,,,,,,,,,,,,,,,
http://localhost:3000/it/case-studies/stylecraft-boutique,it,0,,,,,,,,,,,,,,,,,,,,,,,,,,,,,,,,,,,,,,,,,,
http://localhost:3000/es/case-studies/stylecraft-boutique,es,0,,,,,,,,,,,,,,,,,,,,,,,,,,,,,,,,,,,,,,,,,,
http://localhost:3000/id/case-studies/stylecraft-boutique,id,0,,,,,,,,,,,,,,,,,,,,,,,,,,,,,,,,,,,,,,,,,,
http://localhost:3000/en/case-studies/techflow-solutions,en,0,,,,,,,,,,,,,,,,,,,,,,,,,,,,,,,,,,,,,,,,,,
http://localhost:3000/de/case-studies/techflow-solutions,de,0,,,,,,,,,,,,,,,,,,,,,,,,,,,,,,,,,,,,,,,,,,
http://localhost:3000/fr/case-studies/techflow-solutions,fr,0,,,,,,,,,,,,,,,,,,,,,,,,,,,,,,,,,,,,,,,,,,
http://localhost:3000/it/case-studies/techflow-solutions,it,0,,,,,,,,,,,,,,,,,,,,,,,,,,,,,,,,,,,,,,,,,,
http://localhost:3000/es/case-studies/techflow-solutions,es,0,,,,,,,,,,,,,,,,,,,,,,,,,,,,,,,,,,,,,,,,,,
http://localhost:3000/id/case-studies/techflow-solutions,id,0,,,,,,,,,,,,,,,,,,,,,,,,,,,,,,,,,,,,,,,,,,
http://localhost:3000/en/community,en,0,,,,,,,,,,,,,,,,,,,,,,,,,,,,,,,,,,,,,,,,,,
http://localhost:3000/de/community,de,0,,,,,,,,,,,,,,,,,,,,,,,,,,,,,,,,,,,,,,,,,,
http://localhost:3000/fr/community,fr,0,,,,,,,,,,,,,,,,,,,,,,,,,,,,,,,,,,,,,,,,,,
http://localhost:3000/it/community,it,0,,,,,,,,,,,,,,,,,,,,,,,,,,,,,,,,,,,,,,,,,,
http://localhost:3000/es/community,es,0,,,,,,,,,,,,,,,,,,,,,,,,,,,,,,,,,,,,,,,,,,
http://localhost:3000/id/community,id,0,,,,,,,,,,,,,,,,,,,,,,,,,,,,,,,,,,,,,,,,,,
http://localhost:3000/en/help,en,0,,,,,,,,,,,,,,,,,,,,,,,,,,,,,,,,,,,,,,,,,,
http://localhost:3000/de/help,de,0,,,,,,,,,,,,,,,,,,,,,,,,,,,,,,,,,,,,,,,,,,
http://localhost:3000/fr/help,fr,0,,,,,,,,,,,,,,,,,,,,,,,,,,,,,,,,,,,,,,,,,,
http://localhost:3000/it/help,it,0,,,,,,,,,,,,,,,,,,,,,,,,,,,,,,,,,,,,,,,,,,
http://localhost:3000/es/help,es,0,,,,,,,,,,,,,,,,,,,,,,,,,,,,,,,,,,,,,,,,,,
http://localhost:3000/id/help,id,0,,,,,,,,,,,,,,,,,,,,,,,,,,,,,,,,,,,,,,,,,,
http://localhost:3000/en/help/getting-started,en,0,,,,,,,,,,,,,,,,,,,,,,,,,,,,,,,,,,,,,,,,,,
http://localhost:3000/de/help/getting-started,de,0,,,,,,,,,,,,,,,,,,,,,,,,,,,,,,,,,,,,,,,,,,
http://localhost:3000/fr/help/getting-started,fr,0,,,,,,,,,,,,,,,,,,,,,,,,,,,,,,,,,,,,,,,,,,
http://localhost:3000/it/help/getting-started,it,0,,,,,,,,,,,,,,,,,,,,,,,,,,,,,,,,,,,,,,,,,,
http://localhost:3000/es/help/getting-started,es,0,,,,,,,,,,,,,,,,,,,,,,,,,,,,,,,,,,,,,,,,,,
http://localhost:3000/id/help/getting-started,id,0,,,,,,,,,,,,,,,,,,,,,,,,,,,,,,,,,,,,,,,,,,
http://localhost:3000/en/help/seo-tools-features,en,0,,,,,,,,,,,,,,,,,,,,,,,,,,,,,,,,,,,,,,,,,,
http://localhost:3000/de/help/seo-tools-features,de,0,,,,,,,,,,,,,,,,,,,,,,,,,,,,,,,,,,,,,,,,,,
http://localhost:3000/fr/help/seo-tools-features,fr,0,,,,,,,,,,,,,,,,,,,,,,,,,,,,,,,,,,,,,,,,,,
http://localhost:3000/it/help/seo-tools-features,it,0,,,,,,,,,,,,,,,,,,,,,,,,,,,,,,,,,,,,,,,,,,
http://localhost:3000/es/help/seo-tools-features,es,0,,,,,,,,,,,,,,,,,,,,,,,,,,,,,,,,,,,,,,,,,,
http://localhost:3000/id/help/seo-tools-features,id,0,,,,,,,,,,,,,,,,,,,,,,,,,,,,,,,,,,,,,,,,,,
http://localhost:3000/en/help/account-billing,en,0,,,,,,,,,,,,,,,,,,,,,,,,,,,,,,,,,,,,,,,,,,
http://localhost:3000/de/help/account-billing,de,0,,,,,,,,,,,,,,,,,,,,,,,,,,,,,,,,,,,,,,,,,,
http://localhost:3000/fr/help/account-billing,fr,0,,,,,,,,,,,,,,,,,,,,,,,,,,,,,,,,,,,,,,,,,,
http://localhost:3000/it/help/account-billing,it,0,,,,,,,,,,,,,,,,,,,,,,,,,,,,,,,,,,,,,,,,,,
http://localhost:3000/es/help/account-billing,es,0,,,,,,,,,,,,,,,,,,,,,,,,,,,,,,,,,,,,,,,,,,
http://localhost:3000/id/help/account-billing,id,0,,,,,,,,,,,,,,,,,,,,,,,,,,,,,,,,,,,,,,,,,,
http://localhost:3000/en/help/api-integrations,en,0,,,,,,,,,,,,,,,,,,,,,,,,,,,,,,,,,,,,,,,,,,
http://localhost:3000/de/help/api-integrations,de,0,,,,,,,,,,,,,,,,,,,,,,,,,,,,,,,,,,,,,,,,,,
http://localhost:3000/fr/help/api-integrations,fr,0,,,,,,,,,,,,,,,,,,,,,,,,,,,,,,,,,,,,,,,,,,
http://localhost:3000/it/help/api-integrations,it,0,,,,,,,,,,,,,,,,,,,,,,,,,,,,,,,,,,,,,,,,,,
http://localhost:3000/es/help/api-integrations,es,0,,,,,,,,,,,,,,,,,,,,,,,,,,,,,,,,,,,,,,,,,,
http://localhost:3000/id/help/api-integrations,id,0,,,,,,,,,,,,,,,,,,,,,,,,,,,,,,,,,,,,,,,,,,
http://localhost:3000/en/help/security-privacy,en,0,,,,,,,,,,,,,,,,,,,,,,,,,,,,,,,,,,,,,,,,,,
http://localhost:3000/de/help/security-privacy,de,0,,,,,,,,,,,,,,,,,,,,,,,,,,,,,,,,,,,,,,,,,,
http://localhost:3000/fr/help/security-privacy,fr,0,,,,,,,,,,,,,,,,,,,,,,,,,,,,,,,,,,,,,,,,,,
http://localhost:3000/it/help/security-privacy,it,0,,,,,,,,,,,,,,,,,,,,,,,,,,,,,,,,,,,,,,,,,,
http://localhost:3000/es/help/security-privacy,es,0,,,,,,,,,,,,,,,,,,,,,,,,,,,,,,,,,,,,,,,,,,
http://localhost:3000/id/help/security-privacy,id,0,,,,,,,,,,,,,,,,,,,,,,,,,,,,,,,,,,,,,,,,,,
http://localhost:3000/en/help/troubleshooting,en,0,,,,,,,,,,,,,,,,,,,,,,,,,,,,,,,,,,,,,,,,,,
http://localhost:3000/de/help/troubleshooting,de,0,,,,,,,,,,,,,,,,,,,,,,,,,,,,,,,,,,,,,,,,,,
http://localhost:3000/fr/help/troubleshooting,fr,0,,,,,,,,,,,,,,,,,,,,,,,,,,,,,,,,,,,,,,,,,,
http://localhost:3000/it/help/troubleshooting,it,0,,,,,,,,,,,,,,,,,,,,,,,,,,,,,,,,,,,,,,,,,,
http://localhost:3000/es/help/troubleshooting,es,0,,,,,,,,,,,,,,,,,,,,,,,,,,,,,,,,,,,,,,,,,,
http://localhost:3000/id/help/troubleshooting,id,0,,,,,,,,,,,,,,,,,,,,,,,,,,,,,,,,,,,,,,,,,,
http://localhost:3000/en/help/getting-started/quick-start,en,0,,,,,,,,,,,,,,,,,,,,,,,,,,,,,,,,,,,,,,,,,,
http://localhost:3000/de/help/getting-started/quick-start,de,0,,,,,,,,,,,,,,,,,,,,,,,,,,,,,,,,,,,,,,,,,,
http://localhost:3000/fr/help/getting-started/quick-start,fr,0,,,,,,,,,,,,,,,,,,,,,,,,,,,,,,,,,,,,,,,,,,
http://localhost:3000/it/help/getting-started/quick-start,it,0,,,,,,,,,,,,,,,,,,,,,,,,,,,,,,,,,,,,,,,,,,
http://localhost:3000/es/help/getting-started/quick-start,es,0,,,,,,,,,,,,,,,,,,,,,,,,,,,,,,,,,,,,,,,,,,
http://localhost:3000/id/help/getting-started/quick-start,id,0,,,,,,,,,,,,,,,,,,,,,,,,,,,,,,,,,,,,,,,,,,
http://localhost:3000/en/help/getting-started/dashboard-setup,en,0,,,,,,,,,,,,,,,,,,,,,,,,,,,,,,,,,,,,,,,,,,
http://localhost:3000/de/help/getting-started/dashboard-setup,de,0,,,,,,,,,,,,,,,,,,,,,,,,,,,,,,,,,,,,,,,,,,
http://localhost:3000/fr/help/getting-started/dashboard-setup,fr,0,,,,,,,,,,,,,,,,,,,,,,,,,,,,,,,,,,,,,,,,,,
http://localhost:3000/it/help/getting-started/dashboard-setup,it,0,,,,,,,,,,,,,,,,,,,,,,,,,,,,,,,,,,,,,,,,,,
http://localhost:3000/es/help/getting-started/dashboard-setup,es,0,,,,,,,,,,,,,,,,,,,,,,,,,,,,,,,,,,,,,,,,,,
http://localhost:3000/id/help/getting-started/dashboard-setup,id,0,,,,,,,,,,,,,,,,,,,,,,,,,,,,,,,,,,,,,,,,,,
http://localhost:3000/en/help/getting-started/first-audit,en,0,,,,,,,,,,,,,,,,,,,,,,,,,,,,,,,,,,,,,,,,,,
http://localhost:3000/de/help/getting-started/first-audit,de,0,,,,,,,,,,,,,,,,,,,,,,,,,,,,,,,,,,,,,,,,,,
http://localhost:3000/fr/help/getting-started/first-audit,fr,0,,,,,,,,,,,,,,,,,,,,,,,,,,,,,,,,,,,,,,,,,,
http://localhost:3000/it/help/getting-started/first-audit,it,0,,,,,,,,,,,,,,,,,,,,,,,,,,,,,,,,,,,,,,,,,,
http://localhost:3000/es/help/getting-started/first-audit,es,0,,,,,,,,,,,,,,,,,,,,,,,,,,,,,,,,,,,,,,,,,,
http://localhost:3000/id/help/getting-started/first-audit,id,0,,,,,,,,,,,,,,,,,,,,,,,,,,,,,,,,,,,,,,,,,,
http://localhost:3000/en/help/getting-started/seo-scores,en,0,,,,,,,,,,,,,,,,,,,,,,,,,,,,,,,,,,,,,,,,,,
http://localhost:3000/de/help/getting-started/seo-scores,de,0,,,,,,,,,,,,,,,,,,,,,,,,,,,,,,,,,,,,,,,,,,
http://localhost:3000/fr/help/getting-started/seo-scores,fr,0,,,,,,,,,,,,,,,,,,,,,,,,,,,,,,,,,,,,,,,,,,
http://localhost:3000/it/help/getting-started/seo-scores,it,0,,,,,,,,,,,,,,,,,,,,,,,,,,,,,,,,,,,,,,,,,,
http://localhost:3000/es/help/getting-started/seo-scores,es,0,,,,,,,,,,,,,,,,,,,,,,,,,,,,,,,,,,,,,,,,,,
http://localhost:3000/id/help/getting-started/seo-scores,id,0,,,,,,,,,,,,,,,,,,,,,,,,,,,,,,,,,,,,,,,,,,
http://localhost:3000/en/help/features/seo-audit,en,0,,,,,,,,,,,,,,,,,,,,,,,,,,,,,,,,,,,,,,,,,,
http://localhost:3000/de/help/features/seo-audit,de,0,,,,,,,,,,,,,,,,,,,,,,,,,,,,,,,,,,,,,,,,,,
http://localhost:3000/fr/help/features/seo-audit,fr,0,,,,,,,,,,,,,,,,,,,,,,,,,,,,,,,,,,,,,,,,,,
http://localhost:3000/it/help/features/seo-audit,it,0,,,,,,,,,,,,,,,,,,,,,,,,,,,,,,,,,,,,,,,,,,
http://localhost:3000/es/help/features/seo-audit,es,0,,,,,,,,,,,,,,,,,,,,,,,,,,,,,,,,,,,,,,,,,,
http://localhost:3000/id/help/features/seo-audit,id,0,,,,,,,,,,,,,,,,,,,,,,,,,,,,,,,,,,,,,,,,,,
http://localhost:3000/en/help/features/site-crawler,en,0,,,,,,,,,,,,,,,,,,,,,,,,,,,,,,,,,,,,,,,,,,
http://localhost:3000/de/help/features/site-crawler,de,0,,,,,,,,,,,,,,,,,,,,,,,,,,,,,,,,,,,,,,,,,,
http://localhost:3000/fr/help/features/site-crawler,fr,0,,,,,,,,,,,,,,,,,,,,,,,,,,,,,,,,,,,,,,,,,,
http://localhost:3000/it/help/features/site-crawler,it,0,,,,,,,,,,,,,,,,,,,,,,,,,,,,,,,,,,,,,,,,,,
http://localhost:3000/es/help/features/site-crawler,es,0,,,,,,,,,,,,,,,,,,,,,,,,,,,,,,,,,,,,,,,,,,
http://localhost:3000/id/help/features/site-crawler,id,0,,,,,,,,,,,,,,,,,,,,,,,,,,,,,,,,,,,,,,,,,,
http://localhost:3000/en/help/features/ai-assistant,en,0,,,,,,,,,,,,,,,,,,,,,,,,,,,,,,,,,,,,,,,,,,
http://localhost:3000/de/help/features/ai-assistant,de,0,,,,,,,,,,,,,,,,,,,,,,,,,,,,,,,,,,,,,,,,,,
http://localhost:3000/fr/help/features/ai-assistant,fr,0,,,,,,,,,,,,,,,,,,,,,,,,,,,,,,,,,,,,,,,,,,
http://localhost:3000/it/help/features/ai-assistant,it,0,,,,,,,,,,,,,,,,,,,,,,,,,,,,,,,,,,,,,,,,,,
http://localhost:3000/es/help/features/ai-assistant,es,0,,,,,,,,,,,,,,,,,,,,,,,,,,,,,,,,,,,,,,,,,,
http://localhost:3000/id/help/features/ai-assistant,id,0,,,,,,,,,,,,,,,,,,,,,,,,,,,,,,,,,,,,,,,,,,
http://localhost:3000/en/help/features/competitor-analysis,en,0,,,,,,,,,,,,,,,,,,,,,,,,,,,,,,,,,,,,,,,,,,
http://localhost:3000/de/help/features/competitor-analysis,de,0,,,,,,,,,,,,,,,,,,,,,,,,,,,,,,,,,,,,,,,,,,
http://localhost:3000/fr/help/features/competitor-analysis,fr,0,,,,,,,,,,,,,,,,,,,,,,,,,,,,,,,,,,,,,,,,,,
http://localhost:3000/it/help/features/competitor-analysis,it,0,,,,,,,,,,,,,,,,,,,,,,,,,,,,,,,,,,,,,,,,,,
http://localhost:3000/es/help/features/competitor-analysis,es,0,,,,,,,,,,,,,,,,,,,,,,,,,,,,,,,,,,,,,,,,,,
http://localhost:3000/id/help/features/competitor-analysis,id,0,,,,,,,,,,,,,,,,,,,,,,,,,,,,,,,,,,,,,,,,,,
http://localhost:3000/en/help/billing/upgrade-plan,en,0,,,,,,,,,,,,,,,,,,,,,,,,,,,,,,,,,,,,,,,,,,
http://localhost:3000/de/help/billing/upgrade-plan,de,0,,,,,,,,,,,,,,,,,,,,,,,,,,,,,,,,,,,,,,,,,,
http://localhost:3000/fr/help/billing/upgrade-plan,fr,0,,,,,,,,,,,,,,,,,,,,,,,,,,,,,,,,,,,,,,,,,,
http://localhost:3000/it/help/billing/upgrade-plan,it,0,,,,,,,,,,,,,,,,,,,,,,,,,,,,,,,,,,,,,,,,,,
http://localhost:3000/es/help/billing/upgrade-plan,es,0,,,,,,,,,,,,,,,,,,,,,,,,,,,,,,,,,,,,,,,,,,
http://localhost:3000/id/help/billing/upgrade-plan,id,0,,,,,,,,,,,,,,,,,,,,,,,,,,,,,,,,,,,,,,,,,,
http://localhost:3000/en/help/billing/payment-methods,en,0,,,,,,,,,,,,,,,,,,,,,,,,,,,,,,,,,,,,,,,,,,
http://localhost:3000/de/help/billing/payment-methods,de,0,,,,,,,,,,,,,,,,,,,,,,,,,,,,,,,,,,,,,,,,,,
http://localhost:3000/fr/help/billing/payment-methods,fr,0,,,,,,,,,,,,,,,,,,,,,,,,,,,,,,,,,,,,,,,,,,
http://localhost:3000/it/help/billing/payment-methods,it,0,,,,,,,,,,,,,,,,,,,,,,,,,,,,,,,,,,,,,,,,,,
http://localhost:3000/es/help/billing/payment-methods,es,0,,,,,,,,,,,,,,,,,,,,,,,,,,,,,,,,,,,,,,,,,,
http://localhost:3000/id/help/billing/payment-methods,id,0,,,,,,,,,,,,,,,,,,,,,,,,,,,,,,,,,,,,,,,,,,
http://localhost:3000/en/help/billing/invoices,en,0,,,,,,,,,,,,,,,,,,,,,,,,,,,,,,,,,,,,,,,,,,
http://localhost:3000/de/help/billing/invoices,de,0,,,,,,,,,,,,,,,,,,,,,,,,,,,,,,,,,,,,,,,,,,
http://localhost:3000/fr/help/billing/invoices,fr,0,,,,,,,,,,,,,,,,,,,,,,,,,,,,,,,,,,,,,,,,,,
http://localhost:3000/it/help/billing/invoices,it,0,,,,,,,,,,,,,,,,,,,,,,,,,,,,,,,,,,,,,,,,,,
http://localhost:3000/es/help/billing/invoices,es,0,,,,,,,,,,,,,,,,,,,,,,,,,,,,,,,,,,,,,,,,,,
http://localhost:3000/id/help/billing/invoices,id,0,,,,,,,,,,,,,,,,,,,,,,,,,,,,,,,,,,,,,,,,,,
http://localhost:3000/en/help/billing/cancellation,en,0,,,,,,,,,,,,,,,,,,,,,,,,,,,,,,,,,,,,,,,,,,
http://localhost:3000/de/help/billing/cancellation,de,0,,,,,,,,,,,,,,,,,,,,,,,,,,,,,,,,,,,,,,,,,,
http://localhost:3000/fr/help/billing/cancellation,fr,0,,,,,,,,,,,,,,,,,,,,,,,,,,,,,,,,,,,,,,,,,,
http://localhost:3000/it/help/billing/cancellation,it,0,,,,,,,,,,,,,,,,,,,,,,,,,,,,,,,,,,,,,,,,,,
http://localhost:3000/es/help/billing/cancellation,es,0,,,,,,,,,,,,,,,,,,,,,,,,,,,,,,,,,,,,,,,,,,
http://localhost:3000/id/help/billing/cancellation,id,0,,,,,,,,,,,,,,,,,,,,,,,,,,,,,,,,,,,,,,,,,,
http://localhost:3000/en/help/api/authentication,en,0,,,,,,,,,,,,,,,,,,,,,,,,,,,,,,,,,,,,,,,,,,
http://localhost:3000/de/help/api/authentication,de,0,,,,,,,,,,,,,,,,,,,,,,,,,,,,,,,,,,,,,,,,,,
http://localhost:3000/fr/help/api/authentication,fr,0,,,,,,,,,,,,,,,,,,,,,,,,,,,,,,,,,,,,,,,,,,
http://localhost:3000/it/help/api/authentication,it,0,,,,,,,,,,,,,,,,,,,,,,,,,,,,,,,,,,,,,,,,,,
http://localhost:3000/es/help/api/authentication,es,0,,,,,,,,,,,,,,,,,,,,,,,,,,,,,,,,,,,,,,,,,,
http://localhost:3000/id/help/api/authentication,id,0,,,,,,,,,,,,,,,,,,,,,,,,,,,,,,,,,,,,,,,,,,
http://localhost:3000/en/help/api/webhooks,en,0,,,,,,,,,,,,,,,,,,,,,,,,,,,,,,,,,,,,,,,,,,
http://localhost:3000/de/help/api/webhooks,de,0,,,,,,,,,,,,,,,,,,,,,,,,,,,,,,,,,,,,,,,,,,
http://localhost:3000/fr/help/api/webhooks,fr,0,,,,,,,,,,,,,,,,,,,,,,,,,,,,,,,,,,,,,,,,,,
http://localhost:3000/it/help/api/webhooks,it,0,,,,,,,,,,,,,,,,,,,,,,,,,,,,,,,,,,,,,,,,,,
http://localhost:3000/es/help/api/webhooks,es,0,,,,,,,,,,,,,,,,,,,,,,,,,,,,,,,,,,,,,,,,,,
http://localhost:3000/id/help/api/webhooks,id,0,,,,,,,,,,,,,,,,,,,,,,,,,,,,,,,,,,,,,,,,,,
http://localhost:3000/en/help/security/best-practices,en,0,,,,,,,,,,,,,,,,,,,,,,,,,,,,,,,,,,,,,,,,,,
http://localhost:3000/de/help/security/best-practices,de,0,,,,,,,,,,,,,,,,,,,,,,,,,,,,,,,,,,,,,,,,,,
http://localhost:3000/fr/help/security/best-practices,fr,0,,,,,,,,,,,,,,,,,,,,,,,,,,,,,,,,,,,,,,,,,,
http://localhost:3000/it/help/security/best-practices,it,0,,,,,,,,,,,,,,,,,,,,,,,,,,,,,,,,,,,,,,,,,,
http://localhost:3000/es/help/security/best-practices,es,0,,,,,,,,,,,,,,,,,,,,,,,,,,,,,,,,,,,,,,,,,,
http://localhost:3000/id/help/security/best-practices,id,0,,,,,,,,,,,,,,,,,,,,,,,,,,,,,,,,,,,,,,,,,,
http://localhost:3000/en/help/security/privacy,en,0,,,,,,,,,,,,,,,,,,,,,,,,,,,,,,,,,,,,,,,,,,
http://localhost:3000/de/help/security/privacy,de,0,,,,,,,,,,,,,,,,,,,,,,,,,,,,,,,,,,,,,,,,,,
http://localhost:3000/fr/help/security/privacy,fr,0,,,,,,,,,,,,,,,,,,,,,,,,,,,,,,,,,,,,,,,,,,
http://localhost:3000/it/help/security/privacy,it,0,,,,,,,,,,,,,,,,,,,,,,,,,,,,,,,,,,,,,,,,,,
http://localhost:3000/es/help/security/privacy,es,0,,,,,,,,,,,,,,,,,,,,,,,,,,,,,,,,,,,,,,,,,,
http://localhost:3000/id/help/security/privacy,id,0,,,,,,,,,,,,,,,,,,,,,,,,,,,,,,,,,,,,,,,,,,
http://localhost:3000/en/help/security/gdpr,en,0,,,,,,,,,,,,,,,,,,,,,,,,,,,,,,,,,,,,,,,,,,
http://localhost:3000/de/help/security/gdpr,de,0,,,,,,,,,,,,,,,,,,,,,,,,,,,,,,,,,,,,,,,,,,
http://localhost:3000/fr/help/security/gdpr,fr,0,,,,,,,,,,,,,,,,,,,,,,,,,,,,,,,,,,,,,,,,,,
http://localhost:3000/it/help/security/gdpr,it,0,,,,,,,,,,,,,,,,,,,,,,,,,,,,,,,,,,,,,,,,,,
http://localhost:3000/es/help/security/gdpr,es,0,,,,,,,,,,,,,,,,,,,,,,,,,,,,,,,,,,,,,,,,,,
http://localhost:3000/id/help/security/gdpr,id,0,,,,,,,,,,,,,,,,,,,,,,,,,,,,,,,,,,,,,,,,,,
http://localhost:3000/en/help/security/two-factor-authentication,en,0,,,,,,,,,,,,,,,,,,,,,,,,,,,,,,,,,,,,,,,,,,
http://localhost:3000/de/help/security/two-factor-authentication,de,0,,,,,,,,,,,,,,,,,,,,,,,,,,,,,,,,,,,,,,,,,,
http://localhost:3000/fr/help/security/two-factor-authentication,fr,0,,,,,,,,,,,,,,,,,,,,,,,,,,,,,,,,,,,,,,,,,,
http://localhost:3000/it/help/security/two-factor-authentication,it,0,,,,,,,,,,,,,,,,,,,,,,,,,,,,,,,,,,,,,,,,,,
http://localhost:3000/es/help/security/two-factor-authentication,es,0,,,,,,,,,,,,,,,,,,,,,,,,,,,,,,,,,,,,,,,,,,
http://localhost:3000/id/help/security/two-factor-authentication,id,0,,,,,,,,,,,,,,,,,,,,,,,,,,,,,,,,,,,,,,,,,,
http://localhost:3000/en/help/troubleshooting/audit-issues,en,0,,,,,,,,,,,,,,,,,,,,,,,,,,,,,,,,,,,,,,,,,,
http://localhost:3000/de/help/troubleshooting/audit-issues,de,0,,,,,,,,,,,,,,,,,,,,,,,,,,,,,,,,,,,,,,,,,,
http://localhost:3000/fr/help/troubleshooting/audit-issues,fr,0,,,,,,,,,,,,,,,,,,,,,,,,,,,,,,,,,,,,,,,,,,
http://localhost:3000/it/help/troubleshooting/audit-issues,it,0,,,,,,,,,,,,,,,,,,,,,,,,,,,,,,,,,,,,,,,,,,
http://localhost:3000/es/help/troubleshooting/audit-issues,es,0,,,,,,,,,,,,,,,,,,,,,,,,,,,,,,,,,,,,,,,,,,
http://localhost:3000/id/help/troubleshooting/audit-issues,id,0,,,,,,,,,,,,,,,,,,,,,,,,,,,,,,,,,,,,,,,,,,
http://localhost:3000/en/help/troubleshooting/login-issues,en,0,,,,,,,,,,,,,,,,,,,,,,,,,,,,,,,,,,,,,,,,,,
http://localhost:3000/de/help/troubleshooting/login-issues,de,0,,,,,,,,,,,,,,,,,,,,,,,,,,,,,,,,,,,,,,,,,,
http://localhost:3000/fr/help/troubleshooting/login-issues,fr,0,,,,,,,,,,,,,,,,,,,,,,,,,,,,,,,,,,,,,,,,,,
http://localhost:3000/it/help/troubleshooting/login-issues,it,0,,,,,,,,,,,,,,,,,,,,,,,,,,,,,,,,,,,,,,,,,,
http://localhost:3000/es/help/troubleshooting/login-issues,es,0,,,,,,,,,,,,,,,,,,,,,,,,,,,,,,,,,,,,,,,,,,
http://localhost:3000/id/help/troubleshooting/login-issues,id,0,,,,,,,,,,,,,,,,,,,,,,,,,,,,,,,,,,,,,,,,,,
http://localhost:3000/en/help/troubleshooting/sync-issues,en,0,,,,,,,,,,,,,,,,,,,,,,,,,,,,,,,,,,,,,,,,,,
http://localhost:3000/de/help/troubleshooting/sync-issues,de,0,,,,,,,,,,,,,,,,,,,,,,,,,,,,,,,,,,,,,,,,,,
http://localhost:3000/fr/help/troubleshooting/sync-issues,fr,0,,,,,,,,,,,,,,,,,,,,,,,,,,,,,,,,,,,,,,,,,,
http://localhost:3000/it/help/troubleshooting/sync-issues,it,0,,,,,,,,,,,,,,,,,,,,,,,,,,,,,,,,,,,,,,,,,,
http://localhost:3000/es/help/troubleshooting/sync-issues,es,0,,,,,,,,,,,,,,,,,,,,,,,,,,,,,,,,,,,,,,,,,,
http://localhost:3000/id/help/troubleshooting/sync-issues,id,0,,,,,,,,,,,,,,,,,,,,,,,,,,,,,,,,,,,,,,,,,,
http://localhost:3000/en/help/troubleshooting/performance,en,0,,,,,,,,,,,,,,,,,,,,,,,,,,,,,,,,,,,,,,,,,,
http://localhost:3000/de/help/troubleshooting/performance,de,0,,,,,,,,,,,,,,,,,,,,,,,,,,,,,,,,,,,,,,,,,,
http://localhost:3000/fr/help/troubleshooting/performance,fr,0,,,,,,,,,,,,,,,,,,,,,,,,,,,,,,,,,,,,,,,,,,
http://localhost:3000/it/help/troubleshooting/performance,it,0,,,,,,,,,,,,,,,,,,,,,,,,,,,,,,,,,,,,,,,,,,
http://localhost:3000/es/help/troubleshooting/performance,es,0,,,,,,,,,,,,,,,,,,,,,,,,,,,,,,,,,,,,,,,,,,
http://localhost:3000/id/help/troubleshooting/performance,id,0,,,,,,,,,,,,,,,,,,,,,,,,,,,,,,,,,,,,,,,,,,
http://localhost:3000/en/contact,en,0,,,,,,,,,,,,,,,,,,,,,,,,,,,,,,,,,,,,,,,,,,
http://localhost:3000/de/contact,de,0,,,,,,,,,,,,,,,,,,,,,,,,,,,,,,,,,,,,,,,,,,
http://localhost:3000/fr/contact,fr,0,,,,,,,,,,,,,,,,,,,,,,,,,,,,,,,,,,,,,,,,,,
http://localhost:3000/it/contact,it,0,,,,,,,,,,,,,,,,,,,,,,,,,,,,,,,,,,,,,,,,,,
http://localhost:3000/es/contact,es,0,,,,,,,,,,,,,,,,,,,,,,,,,,,,,,,,,,,,,,,,,,
http://localhost:3000/id/contact,id,0,,,,,,,,,,,,,,,,,,,,,,,,,,,,,,,,,,,,,,,,,,
http://localhost:3000/en/status,en,0,,,,,,,,,,,,,,,,,,,,,,,,,,,,,,,,,,,,,,,,,,
http://localhost:3000/de/status,de,0,,,,,,,,,,,,,,,,,,,,,,,,,,,,,,,,,,,,,,,,,,
http://localhost:3000/fr/status,fr,0,,,,,,,,,,,,,,,,,,,,,,,,,,,,,,,,,,,,,,,,,,
http://localhost:3000/it/status,it,0,,,,,,,,,,,,,,,,,,,,,,,,,,,,,,,,,,,,,,,,,,
http://localhost:3000/es/status,es,0,,,,,,,,,,,,,,,,,,,,,,,,,,,,,,,,,,,,,,,,,,
http://localhost:3000/id/status,id,0,,,,,,,,,,,,,,,,,,,,,,,,,,,,,,,,,,,,,,,,,,
http://localhost:3000/en/privacy,en,0,,,,,,,,,,,,,,,,,,,,,,,,,,,,,,,,,,,,,,,,,,
http://localhost:3000/de/privacy,de,0,,,,,,,,,,,,,,,,,,,,,,,,,,,,,,,,,,,,,,,,,,
http://localhost:3000/fr/privacy,fr,0,,,,,,,,,,,,,,,,,,,,,,,,,,,,,,,,,,,,,,,,,,
http://localhost:3000/it/privacy,it,0,,,,,,,,,,,,,,,,,,,,,,,,,,,,,,,,,,,,,,,,,,
http://localhost:3000/es/privacy,es,0,,,,,,,,,,,,,,,,,,,,,,,,,,,,,,,,,,,,,,,,,,
http://localhost:3000/id/privacy,id,0,,,,,,,,,,,,,,,,,,,,,,,,,,,,,,,,,,,,,,,,,,
http://localhost:3000/en/terms,en,0,,,,,,,,,,,,,,,,,,,,,,,,,,,,,,,,,,,,,,,,,,
http://localhost:3000/de/terms,de,0,,,,,,,,,,,,,,,,,,,,,,,,,,,,,,,,,,,,,,,,,,
http://localhost:3000/fr/terms,fr,0,,,,,,,,,,,,,,,,,,,,,,,,,,,,,,,,,,,,,,,,,,
http://localhost:3000/it/terms,it,0,,,,,,,,,,,,,,,,,,,,,,,,,,,,,,,,,,,,,,,,,,
http://localhost:3000/es/terms,es,0,,,,,,,,,,,,,,,,,,,,,,,,,,,,,,,,,,,,,,,,,,
http://localhost:3000/id/terms,id,0,,,,,,,,,,,,,,,,,,,,,,,,,,,,,,,,,,,,,,,,,,
