URL,Locale,Locale Name,Original Title,Optimized Title,HTML Lang,Status,Error
https://www.aiseoturbo.com,en,English,"AI SEO Audit Tool - Boost Rankings 300% Faster","AI SEO Audit Tool - Boost Rankings 300% Faster | AI SEO Turbo",en,OK,
https://www.aiseoturbo.com/fr,fr,Français,"AI SEO Audit Tool - Boost Rankings 300% Faster","Outil d'Audit SEO IA - Améliorez vos Classements 300% Plus Rapidement | AI SEO Turbo - France",en,OK,
https://www.aiseoturbo.com/de,de,Deutsch,"AI SEO Audit Tool - Boost Rankings 300% Faster","KI-SEO-Audit-Tool - Rankings um 300% Schneller Steigern | AI SEO Turbo - Deutschland",en,OK,
https://www.aiseoturbo.com/es,es,Español,"AI SEO Audit Tool - Boost Rankings 300% Faster","Herramienta de Auditoría SEO IA - Mejora Rankings 300% Más Rápido | AI SEO Turbo - España",en,OK,
https://www.aiseoturbo.com/it,it,Italiano,"AI SEO Audit Tool - Boost Rankings 300% Faster","Strumento di Audit SEO IA - Migliora i Ranking 300% Più Velocemente | AI SEO Turbo - Italia",en,OK,
https://www.aiseoturbo.com/id,id,Bahasa Indonesia,"AI SEO Audit Tool - Boost Rankings 300% Faster","Alat Audit SEO AI - Tingkatkan Ranking 300% Lebih Cepat | AI SEO Turbo - Indonesia",en,OK,
https://www.aiseoturbo.com/fr/pricing,fr,Français,"SEO Audit Pricing - Plans From $29/month | AI SEO Turbo","SEO Audit Pricing - Plans From $29/month - France | AI SEO Turbo",en,OK,
https://www.aiseoturbo.com/de/pricing,de,Deutsch,"SEO Audit Pricing - Plans From $29/month | AI SEO Turbo","SEO Audit Pricing - Plans From $29/month - Deutschland | AI SEO Turbo",en,OK,
https://www.aiseoturbo.com/es/pricing,es,Español,"SEO Audit Pricing - Plans From $29/month | AI SEO Turbo","SEO Audit Pricing - Plans From $29/month - España | AI SEO Turbo",en,OK,
https://www.aiseoturbo.com/it/pricing,it,Italiano,"SEO Audit Pricing - Plans From $29/month | AI SEO Turbo","SEO Audit Pricing - Plans From $29/month - Italia | AI SEO Turbo",en,OK,
https://www.aiseoturbo.com/id/pricing,id,Bahasa Indonesia,"SEO Audit Pricing - Plans From $29/month | AI SEO Turbo","SEO Audit Pricing - Plans From $29/month - Indonesia | AI SEO Turbo",en,OK,
https://www.aiseoturbo.com/fr/features,fr,Français,"SEO Features - Complete Audit & Analysis | AI SEO Turbo","SEO Features - Complete Audit & Analysis - France | AI SEO Turbo",en,OK,
https://www.aiseoturbo.com/de/features,de,Deutsch,"SEO Features - Complete Audit & Analysis | AI SEO Turbo","SEO Features - Complete Audit & Analysis - Deutschland | AI SEO Turbo",en,OK,
https://www.aiseoturbo.com/es/features,es,Español,"SEO Features - Complete Audit & Analysis | AI SEO Turbo","SEO Features - Complete Audit & Analysis - España | AI SEO Turbo",en,OK,
https://www.aiseoturbo.com/it/features,it,Italiano,"SEO Features - Complete Audit & Analysis | AI SEO Turbo","SEO Features - Complete Audit & Analysis - Italia | AI SEO Turbo",en,OK,
https://www.aiseoturbo.com/id/features,id,Bahasa Indonesia,"SEO Features - Complete Audit & Analysis | AI SEO Turbo","SEO Features - Complete Audit & Analysis - Indonesia | AI SEO Turbo",en,OK,
https://www.aiseoturbo.com/fr/features/seo-audit,fr,Français,"SEO Audit Feature - Comprehensive Analysis | AI SEO Turbo","SEO Audit Tool - Comprehensive Website Analysis - France | AI SEO Turbo",en,OK,
https://www.aiseoturbo.com/de/features/seo-audit,de,Deutsch,"SEO Audit Feature - Comprehensive Analysis | AI SEO Turbo","SEO Audit Tool - Comprehensive Website Analysis - Deutschland | AI SEO Turbo",en,OK,
https://www.aiseoturbo.com/es/features/seo-audit,es,Español,"SEO Audit Feature - Comprehensive Analysis | AI SEO Turbo","SEO Audit Tool - Comprehensive Website Analysis - España | AI SEO Turbo",en,OK,
https://www.aiseoturbo.com/it/features/seo-audit,it,Italiano,"SEO Audit Feature - Comprehensive Analysis | AI SEO Turbo","SEO Audit Tool - Comprehensive Website Analysis - Italia | AI SEO Turbo",en,OK,
https://www.aiseoturbo.com/id/features/seo-audit,id,Bahasa Indonesia,"ERROR","ERROR",,ERROR,"""Navigation timeout of 30000 ms exceeded"""
https://www.aiseoturbo.com/fr/features/site-crawler,fr,Français,"ERROR","ERROR",,ERROR,"""Navigation timeout of 30000 ms exceeded"""
https://www.aiseoturbo.com/de/features/site-crawler,de,Deutsch,"ERROR","ERROR",,ERROR,"""Navigation timeout of 30000 ms exceeded"""
https://www.aiseoturbo.com/es/features/site-crawler,es,Español,"ERROR","ERROR",,ERROR,"""Navigation timeout of 30000 ms exceeded"""
https://www.aiseoturbo.com/it/features/site-crawler,it,Italiano,"ERROR","ERROR",,ERROR,"""Navigation timeout of 30000 ms exceeded"""
https://www.aiseoturbo.com/id/features/site-crawler,id,Bahasa Indonesia,"ERROR","ERROR",,ERROR,"""Navigation timeout of 30000 ms exceeded"""
https://www.aiseoturbo.com/fr/features/keyword-tracking,fr,Français,"ERROR","ERROR",,ERROR,"""Navigation timeout of 30000 ms exceeded"""
https://www.aiseoturbo.com/de/features/keyword-tracking,de,Deutsch,"Keyword Tracking - Monitor Rankings | AI SEO Turbo","Keyword Tracking - Monitor Search Rankings - Deutschland | AI SEO Turbo",en,OK,
https://www.aiseoturbo.com/es/features/keyword-tracking,es,Español,"Keyword Tracking - Monitor Rankings | AI SEO Turbo","Keyword Tracking - Monitor Search Rankings - España | AI SEO Turbo",en,OK,
https://www.aiseoturbo.com/it/features/keyword-tracking,it,Italiano,"ERROR","ERROR",,ERROR,"""Navigation timeout of 30000 ms exceeded"""
https://www.aiseoturbo.com/id/features/keyword-tracking,id,Bahasa Indonesia,"Keyword Tracking - Monitor Rankings | AI SEO Turbo","Keyword Tracking - Monitor Search Rankings - Indonesia | AI SEO Turbo",en,OK,
https://www.aiseoturbo.com/fr/features/competitor-analysis,fr,Français,"Competitor Analysis - SEO Intelligence | AI SEO Turbo","Competitor Analysis - SEO Intelligence & Insights - France | AI SEO Turbo",en,OK,
https://www.aiseoturbo.com/de/features/competitor-analysis,de,Deutsch,"ERROR","ERROR",,ERROR,"""Navigation timeout of 30000 ms exceeded"""
https://www.aiseoturbo.com/es/features/competitor-analysis,es,Español,"Competitor Analysis - SEO Intelligence | AI SEO Turbo","Competitor Analysis - SEO Intelligence & Insights - España | AI SEO Turbo",en,OK,
https://www.aiseoturbo.com/it/features/competitor-analysis,it,Italiano,"Competitor Analysis - SEO Intelligence | AI SEO Turbo","Competitor Analysis - SEO Intelligence & Insights - Italia | AI SEO Turbo",en,OK,
https://www.aiseoturbo.com/id/features/competitor-analysis,id,Bahasa Indonesia,"Competitor Analysis - SEO Intelligence | AI SEO Turbo","Competitor Analysis - SEO Intelligence & Insights - Indonesia | AI SEO Turbo",en,OK,
https://www.aiseoturbo.com/fr/features/ai-assistant,fr,Français,"ERROR","ERROR",,ERROR,"""Navigation timeout of 30000 ms exceeded"""
https://www.aiseoturbo.com/de/features/ai-assistant,de,Deutsch,"ERROR","ERROR",,ERROR,"""Navigation timeout of 30000 ms exceeded"""
https://www.aiseoturbo.com/es/features/ai-assistant,es,Español,"AI SEO Assistant - Smart Recommendations | AI SEO Turbo","AI SEO Assistant - Smart Recommendations - España | AI SEO Turbo",en,OK,
https://www.aiseoturbo.com/it/features/ai-assistant,it,Italiano,"AI SEO Assistant - Smart Recommendations | AI SEO Turbo","AI SEO Assistant - Smart Recommendations - Italia | AI SEO Turbo",en,OK,
https://www.aiseoturbo.com/id/features/ai-assistant,id,Bahasa Indonesia,"AI SEO Assistant - Smart Recommendations | AI SEO Turbo","AI SEO Assistant - Smart Recommendations - Indonesia | AI SEO Turbo",en,OK,
https://www.aiseoturbo.com/fr/about,fr,Français,"About AI SEO Turbo - Expert SEO Team & AI Innovation","About AI SEO Turbo - Expert SEO Team & AI Innovation - France | AI SEO Turbo",en,OK,
https://www.aiseoturbo.com/de/about,de,Deutsch,"About AI SEO Turbo - Expert SEO Team & AI Innovation","About AI SEO Turbo - Expert SEO Team & AI Innovation - Deutschland | AI SEO Turbo",en,OK,
https://www.aiseoturbo.com/es/about,es,Español,"About AI SEO Turbo - Expert SEO Team & AI Innovation","About AI SEO Turbo - Expert SEO Team & AI Innovation - España | AI SEO Turbo",en,OK,
https://www.aiseoturbo.com/it/about,it,Italiano,"About AI SEO Turbo - Expert SEO Team & AI Innovation","About AI SEO Turbo - Expert SEO Team & AI Innovation - Italia | AI SEO Turbo",en,OK,
https://www.aiseoturbo.com/id/about,id,Bahasa Indonesia,"About AI SEO Turbo - Expert SEO Team & AI Innovation","About AI SEO Turbo - Expert SEO Team & AI Innovation - Indonesia | AI SEO Turbo",en,OK,
https://www.aiseoturbo.com/fr/contact,fr,Français,"Contact AI SEO Turbo - Expert SEO Support & Consultation","Contact AI SEO Turbo - Expert SEO Support & Consultation - France | AI SEO Turbo",en,OK,
https://www.aiseoturbo.com/de/contact,de,Deutsch,"Contact AI SEO Turbo - Expert SEO Support & Consultation","Contact AI SEO Turbo - Expert SEO Support & Consultation - Deutschland | AI SEO Turbo",en,OK,
https://www.aiseoturbo.com/es/contact,es,Español,"Contact AI SEO Turbo - Expert SEO Support & Consultation","Contact AI SEO Turbo - Expert SEO Support & Consultation - España | AI SEO Turbo",en,OK,
https://www.aiseoturbo.com/it/contact,it,Italiano,"Contact AI SEO Turbo - Expert SEO Support & Consultation","Contact AI SEO Turbo - Expert SEO Support & Consultation - Italia | AI SEO Turbo",en,OK,
https://www.aiseoturbo.com/id/contact,id,Bahasa Indonesia,"ERROR","ERROR",,ERROR,"""Navigation timeout of 30000 ms exceeded"""
https://www.aiseoturbo.com/fr/blog,fr,Français,"SEO Blog - Tips & Strategies | AI SEO Turbo","SEO Blog - Latest SEO Tips & Strategies - France | AI SEO Turbo",en,OK,
https://www.aiseoturbo.com/de/blog,de,Deutsch,"ERROR","ERROR",,ERROR,"""Navigation timeout of 30000 ms exceeded"""
https://www.aiseoturbo.com/es/blog,es,Español,"ERROR","ERROR",,ERROR,"""Navigation timeout of 30000 ms exceeded"""
https://www.aiseoturbo.com/it/blog,it,Italiano,"ERROR","ERROR",,ERROR,"""Navigation timeout of 30000 ms exceeded"""
https://www.aiseoturbo.com/id/blog,id,Bahasa Indonesia,"SEO Blog - Tips & Strategies | AI SEO Turbo","SEO Blog - Latest SEO Tips & Strategies - Indonesia | AI SEO Turbo",en,OK,
https://www.aiseoturbo.com/fr/blog/ai-powered-seo-future,fr,Français,"ERROR","ERROR",,ERROR,"""Navigation timeout of 30000 ms exceeded"""
https://www.aiseoturbo.com/de/blog/ai-powered-seo-future,de,Deutsch,"ERROR","ERROR",,ERROR,"""Navigation timeout of 30000 ms exceeded"""
https://www.aiseoturbo.com/es/blog/ai-powered-seo-future,es,Español,"AI-Powered SEO: The Future is Here | AI SEO Turbo Blog","AI-Powered SEO: The Future is Here - España | AI SEO Turbo Blog",en,OK,
https://www.aiseoturbo.com/it/blog/ai-powered-seo-future,it,Italiano,"AI-Powered SEO: The Future is Here | AI SEO Turbo Blog","AI-Powered SEO: The Future is Here - Italia | AI SEO Turbo Blog",en,OK,
https://www.aiseoturbo.com/id/blog/ai-powered-seo-future,id,Bahasa Indonesia,"ERROR","ERROR",,ERROR,"""Navigation timeout of 30000 ms exceeded"""
https://www.aiseoturbo.com/fr/blog/complete-seo-audit-checklist-2025,fr,Français,"ERROR","ERROR",,ERROR,"""Navigation timeout of 30000 ms exceeded"""
https://www.aiseoturbo.com/de/blog/complete-seo-audit-checklist-2025,de,Deutsch,"ERROR","ERROR",,ERROR,"""Navigation timeout of 30000 ms exceeded"""
https://www.aiseoturbo.com/es/blog/complete-seo-audit-checklist-2025,es,Español,"ERROR","ERROR",,ERROR,"""Navigation timeout of 30000 ms exceeded"""
https://www.aiseoturbo.com/it/blog/complete-seo-audit-checklist-2025,it,Italiano,"ERROR","ERROR",,ERROR,"""Navigation timeout of 30000 ms exceeded"""
https://www.aiseoturbo.com/id/blog/complete-seo-audit-checklist-2025,id,Bahasa Indonesia,"ERROR","ERROR",,ERROR,"""Navigation timeout of 30000 ms exceeded"""
https://www.aiseoturbo.com/fr/blog/content-seo-creating-search-friendly-content,fr,Français,"ERROR","ERROR",,ERROR,"""Navigation timeout of 30000 ms exceeded"""
https://www.aiseoturbo.com/de/blog/content-seo-creating-search-friendly-content,de,Deutsch,"ERROR","ERROR",,ERROR,"""Navigation timeout of 30000 ms exceeded"""
https://www.aiseoturbo.com/es/blog/content-seo-creating-search-friendly-content,es,Español,"ERROR","ERROR",,ERROR,"""Navigation timeout of 30000 ms exceeded"""
https://www.aiseoturbo.com/it/blog/content-seo-creating-search-friendly-content,it,Italiano,"ERROR","ERROR",,ERROR,"""Navigation timeout of 30000 ms exceeded"""
https://www.aiseoturbo.com/id/blog/content-seo-creating-search-friendly-content,id,Bahasa Indonesia,"Content SEO: Search-Friendly Content | AI SEO Turbo Blog","Content SEO: Creating Search-Friendly Content - Indonesia | AI SEO Turbo Blog",en,OK,
https://www.aiseoturbo.com/fr/blog/core-web-vitals-optimization-guide,fr,Français,"ERROR","ERROR",,ERROR,"""Navigation timeout of 30000 ms exceeded"""
https://www.aiseoturbo.com/de/blog/core-web-vitals-optimization-guide,de,Deutsch,"Core Web Vitals Optimization Guide - Improve Page Experience | AI SEO Turbo Blog","Core Web Vitals Optimization Guide - Improve Page Experience - Deutschland | AI SEO Turbo Blog",en,OK,
https://www.aiseoturbo.com/es/blog/core-web-vitals-optimization-guide,es,Español,"ERROR","ERROR",,ERROR,"""net::ERR_ABORTED at https://www.aiseoturbo.com/es/blog/core-web-vitals-optimization-guide"""
https://www.aiseoturbo.com/it/blog/core-web-vitals-optimization-guide,it,Italiano,"ERROR","ERROR",,ERROR,"""net::ERR_ABORTED at https://www.aiseoturbo.com/it/blog/core-web-vitals-optimization-guide"""
https://www.aiseoturbo.com/id/blog/core-web-vitals-optimization-guide,id,Bahasa Indonesia,"Core Web Vitals Optimization Guide - Improve Page Experience | AI SEO Turbo Blog","Core Web Vitals Optimization Guide - Improve Page Experience - Indonesia | AI SEO Turbo Blog",en,OK,
https://www.aiseoturbo.com/fr/blog/local-seo-strategies-that-work,fr,Français,"Local SEO Strategies That Work | AI SEO Turbo Blog","Local SEO Strategies That Work - France | AI SEO Turbo Blog",en,OK,
https://www.aiseoturbo.com/de/blog/local-seo-strategies-that-work,de,Deutsch,"Local SEO Strategies That Work | AI SEO Turbo Blog","Local SEO Strategies That Work - Deutschland | AI SEO Turbo Blog",en,OK,
https://www.aiseoturbo.com/es/blog/local-seo-strategies-that-work,es,Español,"Local SEO Strategies That Work | AI SEO Turbo Blog","Local SEO Strategies That Work - España | AI SEO Turbo Blog",en,OK,
https://www.aiseoturbo.com/it/blog/local-seo-strategies-that-work,it,Italiano,"ERROR","ERROR",,ERROR,"""net::ERR_ABORTED at https://www.aiseoturbo.com/it/blog/local-seo-strategies-that-work"""
https://www.aiseoturbo.com/id/blog/local-seo-strategies-that-work,id,Bahasa Indonesia,"ERROR","ERROR",,ERROR,"""Navigation timeout of 30000 ms exceeded"""
https://www.aiseoturbo.com/fr/blog/technical-seo-best-practices-2025,fr,Français,"ERROR","ERROR",,ERROR,"""Navigation timeout of 30000 ms exceeded"""
https://www.aiseoturbo.com/de/blog/technical-seo-best-practices-2025,de,Deutsch,"Technical SEO Best Practices 2025 | AI SEO Turbo Blog","Technical SEO Best Practices 2025 - Deutschland | AI SEO Turbo Blog",en,OK,
https://www.aiseoturbo.com/es/blog/technical-seo-best-practices-2025,es,Español,"ERROR","ERROR",,ERROR,"""Navigation timeout of 30000 ms exceeded"""
https://www.aiseoturbo.com/it/blog/technical-seo-best-practices-2025,it,Italiano,"Technical SEO Best Practices 2025 | AI SEO Turbo Blog","Technical SEO Best Practices 2025 - Italia | AI SEO Turbo Blog",en,OK,
https://www.aiseoturbo.com/id/blog/technical-seo-best-practices-2025,id,Bahasa Indonesia,"Technical SEO Best Practices 2025 | AI SEO Turbo Blog","Technical SEO Best Practices 2025 - Indonesia | AI SEO Turbo Blog",en,OK,
https://www.aiseoturbo.com/fr/case-studies,fr,Français,"SEO Case Studies - Real Results & Success Stories","SEO Case Studies - Real Results & Success Stories - France | AI SEO Turbo",en,OK,
https://www.aiseoturbo.com/de/case-studies,de,Deutsch,"ERROR","ERROR",,ERROR,"""Navigation timeout of 30000 ms exceeded"""
https://www.aiseoturbo.com/es/case-studies,es,Español,"ERROR","ERROR",,ERROR,"""Navigation timeout of 30000 ms exceeded"""
https://www.aiseoturbo.com/it/case-studies,it,Italiano,"ERROR","ERROR",,ERROR,"""Navigation timeout of 30000 ms exceeded"""
https://www.aiseoturbo.com/id/case-studies,id,Bahasa Indonesia,"SEO Case Studies - Real Results & Success Stories","SEO Case Studies - Real Results & Success Stories - Indonesia | AI SEO Turbo",en,OK,
https://www.aiseoturbo.com/fr/case-studies/cloudsync-pro,fr,Français,"CloudSync Pro Case Study - 312% Organic Traffic Increase","CloudSync Pro - France Case Study - 312% Organic Traffic Increase",en,OK,
https://www.aiseoturbo.com/de/case-studies/cloudsync-pro,de,Deutsch,"CloudSync Pro Case Study - 312% Organic Traffic Increase","CloudSync Pro - Deutschland Case Study - 312% Organic Traffic Increase",en,OK,
https://www.aiseoturbo.com/es/case-studies/cloudsync-pro,es,Español,"ERROR","ERROR",,ERROR,"""Navigation timeout of 30000 ms exceeded"""
https://www.aiseoturbo.com/it/case-studies/cloudsync-pro,it,Italiano,"CloudSync Pro Case Study - 312% Organic Traffic Increase","CloudSync Pro - Italia Case Study - 312% Organic Traffic Increase",en,OK,
https://www.aiseoturbo.com/id/case-studies/cloudsync-pro,id,Bahasa Indonesia,"CloudSync Pro Case Study - 312% Organic Traffic Increase","CloudSync Pro - Indonesia Case Study - 312% Organic Traffic Increase",en,OK,
https://www.aiseoturbo.com/fr/case-studies/digital-growth-agency,fr,Français,"ERROR","ERROR",,ERROR,"""Navigation timeout of 30000 ms exceeded"""
https://www.aiseoturbo.com/de/case-studies/digital-growth-agency,de,Deutsch,"Digital Growth Agency Case Study - 245% Client Acquisition","Digital Growth Agency - Deutschland Case Study - 245% Client Acquisition",en,OK,
https://www.aiseoturbo.com/es/case-studies/digital-growth-agency,es,Español,"Digital Growth Agency Case Study - 245% Client Acquisition","Digital Growth Agency - España Case Study - 245% Client Acquisition",en,OK,
https://www.aiseoturbo.com/it/case-studies/digital-growth-agency,it,Italiano,"Digital Growth Agency Case Study - 245% Client Acquisition","Digital Growth Agency - Italia Case Study - 245% Client Acquisition",en,OK,
https://www.aiseoturbo.com/id/case-studies/digital-growth-agency,id,Bahasa Indonesia,"Digital Growth Agency Case Study - 245% Client Acquisition","Digital Growth Agency - Indonesia Case Study - 245% Client Acquisition",en,OK,
https://www.aiseoturbo.com/fr/case-studies/gearhub-pro,fr,Français,"GearHub Pro Case Study - #1 Rankings in 4 Months","GearHub Pro - France Case Study - #1 Rankings in 4 Months",en,OK,
https://www.aiseoturbo.com/de/case-studies/gearhub-pro,de,Deutsch,"GearHub Pro Case Study - #1 Rankings in 4 Months","GearHub Pro - Deutschland Case Study - #1 Rankings in 4 Months",en,OK,
https://www.aiseoturbo.com/es/case-studies/gearhub-pro,es,Español,"GearHub Pro Case Study - #1 Rankings in 4 Months","GearHub Pro - España Case Study - #1 Rankings in 4 Months",en,OK,
https://www.aiseoturbo.com/it/case-studies/gearhub-pro,it,Italiano,"GearHub Pro Case Study - #1 Rankings in 4 Months","GearHub Pro - Italia Case Study - #1 Rankings in 4 Months",en,OK,
https://www.aiseoturbo.com/id/case-studies/gearhub-pro,id,Bahasa Indonesia,"GearHub Pro Case Study - #1 Rankings in 4 Months","GearHub Pro - Indonesia Case Study - #1 Rankings in 4 Months",en,OK,
https://www.aiseoturbo.com/fr/case-studies/peak-performance,fr,Français,"Peak Performance Case Study - 189% Revenue Growth","Peak Performance - France Case Study - 189% Revenue Growth",en,OK,
https://www.aiseoturbo.com/de/case-studies/peak-performance,de,Deutsch,"Peak Performance Case Study - 189% Revenue Growth","Peak Performance - Deutschland Case Study - 189% Revenue Growth",en,OK,
https://www.aiseoturbo.com/es/case-studies/peak-performance,es,Español,"Peak Performance Case Study - 189% Revenue Growth","Peak Performance - España Case Study - 189% Revenue Growth",en,OK,
https://www.aiseoturbo.com/it/case-studies/peak-performance,it,Italiano,"Peak Performance Case Study - 189% Revenue Growth","Peak Performance - Italia Case Study - 189% Revenue Growth",en,OK,
https://www.aiseoturbo.com/id/case-studies/peak-performance,id,Bahasa Indonesia,"Peak Performance Case Study - 189% Revenue Growth","Peak Performance - Indonesia Case Study - 189% Revenue Growth",en,OK,
https://www.aiseoturbo.com/fr/case-studies/stylecraft-boutique,fr,Français,"ERROR","ERROR",,ERROR,"""Navigation timeout of 30000 ms exceeded"""
https://www.aiseoturbo.com/de/case-studies/stylecraft-boutique,de,Deutsch,"ERROR","ERROR",,ERROR,"""Navigation timeout of 30000 ms exceeded"""
https://www.aiseoturbo.com/es/case-studies/stylecraft-boutique,es,Español,"ERROR","ERROR",,ERROR,"""Navigation timeout of 30000 ms exceeded"""
https://www.aiseoturbo.com/it/case-studies/stylecraft-boutique,it,Italiano,"StyleCraft Boutique Case Study - 427% Organic Traffic","StyleCraft Boutique - Italia Case Study - 427% Organic Traffic",en,OK,
https://www.aiseoturbo.com/id/case-studies/stylecraft-boutique,id,Bahasa Indonesia,"StyleCraft Boutique Case Study - 427% Organic Traffic","StyleCraft Boutique - Indonesia Case Study - 427% Organic Traffic",en,OK,
https://www.aiseoturbo.com/fr/case-studies/techflow-solutions,fr,Français,"TechFlow Solutions Case Study - Enterprise SEO Success","TechFlow Solutions - France Case Study - Enterprise SEO Success",en,OK,
https://www.aiseoturbo.com/de/case-studies/techflow-solutions,de,Deutsch,"TechFlow Solutions Case Study - Enterprise SEO Success","TechFlow Solutions - Deutschland Case Study - Enterprise SEO Success",en,OK,
https://www.aiseoturbo.com/es/case-studies/techflow-solutions,es,Español,"TechFlow Solutions Case Study - Enterprise SEO Success","TechFlow Solutions - España Case Study - Enterprise SEO Success",en,OK,
https://www.aiseoturbo.com/it/case-studies/techflow-solutions,it,Italiano,"TechFlow Solutions Case Study - Enterprise SEO Success","TechFlow Solutions - Italia Case Study - Enterprise SEO Success",en,OK,
https://www.aiseoturbo.com/id/case-studies/techflow-solutions,id,Bahasa Indonesia,"TechFlow Solutions Case Study - Enterprise SEO Success","TechFlow Solutions - Indonesia Case Study - Enterprise SEO Success",en,OK,
https://www.aiseoturbo.com/fr/help,fr,Français,"ERROR","ERROR",,ERROR,"""Navigation timeout of 30000 ms exceeded"""
https://www.aiseoturbo.com/de/help,de,Deutsch,"ERROR","ERROR",,ERROR,"""Navigation timeout of 30000 ms exceeded"""
https://www.aiseoturbo.com/es/help,es,Español,"ERROR","ERROR",,ERROR,"""Navigation timeout of 30000 ms exceeded"""
https://www.aiseoturbo.com/it/help,it,Italiano,"Help Center - SEO Support & Guides | AI SEO Turbo","Help Center - SEO Support & Guides - Italia | AI SEO Turbo",en,OK,
https://www.aiseoturbo.com/id/help,id,Bahasa Indonesia,"Help Center - SEO Support & Guides | AI SEO Turbo","Help Center - SEO Support & Guides - Indonesia | AI SEO Turbo",en,OK,
https://www.aiseoturbo.com/fr/help/getting-started,fr,Français,"ERROR","ERROR",,ERROR,"""Navigation timeout of 30000 ms exceeded"""
https://www.aiseoturbo.com/de/help/getting-started,de,Deutsch,"ERROR","ERROR",,ERROR,"""Navigation timeout of 30000 ms exceeded"""
https://www.aiseoturbo.com/es/help/getting-started,es,Español,"Help Center - SEO Support & Guides | AI SEO Turbo","Getting Started - AI SEO Turbo Setup Guide - España | AI SEO Turbo",en,OK,
https://www.aiseoturbo.com/it/help/getting-started,it,Italiano,"Help Center - SEO Support & Guides | AI SEO Turbo","Getting Started - AI SEO Turbo Setup Guide - Italia | AI SEO Turbo",en,OK,
https://www.aiseoturbo.com/id/help/getting-started,id,Bahasa Indonesia,"ERROR","ERROR",,ERROR,"""Navigation timeout of 30000 ms exceeded"""
https://www.aiseoturbo.com/fr/help/getting-started/quick-start,fr,Français,"Quick Start Guide - AISEOTurbo Setup in 10 Minutes","Quick Start Guide - AISEOTurbo Setup in 10 Minutes - France | AI SEO Turbo",en,OK,
https://www.aiseoturbo.com/de/help/getting-started/quick-start,de,Deutsch,"ERROR","ERROR",,ERROR,"""Navigation timeout of 30000 ms exceeded"""
https://www.aiseoturbo.com/es/help/getting-started/quick-start,es,Español,"Quick Start Guide - AISEOTurbo Setup in 10 Minutes","Quick Start Guide - AISEOTurbo Setup in 10 Minutes - España | AI SEO Turbo",en,OK,
https://www.aiseoturbo.com/it/help/getting-started/quick-start,it,Italiano,"Quick Start Guide - AISEOTurbo Setup in 10 Minutes","Quick Start Guide - AISEOTurbo Setup in 10 Minutes - Italia | AI SEO Turbo",en,OK,
https://www.aiseoturbo.com/id/help/getting-started/quick-start,id,Bahasa Indonesia,"Quick Start Guide - AISEOTurbo Setup in 10 Minutes","Quick Start Guide - AISEOTurbo Setup in 10 Minutes - Indonesia | AI SEO Turbo",en,OK,
https://www.aiseoturbo.com/en/help/getting-started/first-audit,en,English,"help.first-audit.meta.title","Complete SEO Audit Guide - Step-by-Step Tutorial | AI SEO Turbo",en,OK,
https://www.aiseoturbo.com/fr/help/getting-started/first-audit,fr,Français,"help.first-audit.meta.title","First SEO Audit - Complete Step-by-Step Guide - France | AI SEO Turbo",en,OK,
https://www.aiseoturbo.com/de/help/getting-started/first-audit,de,Deutsch,"help.first-audit.meta.title","First SEO Audit - Complete Step-by-Step Guide - Deutschland | AI SEO Turbo",en,OK,
https://www.aiseoturbo.com/es/help/getting-started/first-audit,es,Español,"help.first-audit.meta.title","First SEO Audit - Complete Step-by-Step Guide - España | AI SEO Turbo",en,OK,
https://www.aiseoturbo.com/it/help/getting-started/first-audit,it,Italiano,"ERROR","ERROR",,ERROR,"""Navigation timeout of 30000 ms exceeded"""
https://www.aiseoturbo.com/id/help/getting-started/first-audit,id,Bahasa Indonesia,"help.first-audit.meta.title","First SEO Audit - Complete Step-by-Step Guide - Indonesia | AI SEO Turbo",en,OK,
https://www.aiseoturbo.com/en/help/getting-started/seo-scores,en,English,"help.seo-scores.meta.title","Understanding SEO Scores - Complete Performance Guide | AI SEO Turbo",en,OK,
https://www.aiseoturbo.com/fr/help/getting-started/seo-scores,fr,Français,"help.seo-scores.meta.title","Understanding SEO Scores - Performance Metrics Guide - France | AI SEO Turbo",en,OK,
https://www.aiseoturbo.com/de/help/getting-started/seo-scores,de,Deutsch,"help.seo-scores.meta.title","Understanding SEO Scores - Performance Metrics Guide - Deutschland | AI SEO Turbo",en,OK,
https://www.aiseoturbo.com/es/help/getting-started/seo-scores,es,Español,"help.seo-scores.meta.title","Understanding SEO Scores - Performance Metrics Guide - España | AI SEO Turbo",en,OK,
https://www.aiseoturbo.com/it/help/getting-started/seo-scores,it,Italiano,"help.seo-scores.meta.title","Understanding SEO Scores - Performance Metrics Guide - Italia | AI SEO Turbo",en,OK,
https://www.aiseoturbo.com/id/help/getting-started/seo-scores,id,Bahasa Indonesia,"ERROR","ERROR",,ERROR,"""Navigation timeout of 30000 ms exceeded"""
https://www.aiseoturbo.com/fr/help/seo-tools-features,fr,Français,"SEO Tools Features - Complete Guide | AI SEO Turbo","SEO Tools Features - Complete Guide - France | AI SEO Turbo",en,OK,
https://www.aiseoturbo.com/de/help/seo-tools-features,de,Deutsch,"ERROR","ERROR",,ERROR,"""Navigation timeout of 30000 ms exceeded"""
https://www.aiseoturbo.com/es/help/seo-tools-features,es,Español,"ERROR","ERROR",,ERROR,"""Navigation timeout of 30000 ms exceeded"""
https://www.aiseoturbo.com/it/help/seo-tools-features,it,Italiano,"SEO Tools Features - Complete Guide | AI SEO Turbo","SEO Tools Features - Complete Guide - Italia | AI SEO Turbo",en,OK,
https://www.aiseoturbo.com/id/help/seo-tools-features,id,Bahasa Indonesia,"ERROR","ERROR",,ERROR,"""Navigation timeout of 30000 ms exceeded"""
https://www.aiseoturbo.com/fr/help/features/seo-audit,fr,Français,"Help Center - SEO Support & Guides | AI SEO Turbo","SEO Audit Feature Guide - Comprehensive Analysis - France | AI SEO Turbo",en,OK,
https://www.aiseoturbo.com/de/help/features/seo-audit,de,Deutsch,"ERROR","ERROR",,ERROR,"""Navigation timeout of 30000 ms exceeded"""
https://www.aiseoturbo.com/es/help/features/seo-audit,es,Español,"Help Center - SEO Support & Guides | AI SEO Turbo","SEO Audit Feature Guide - Comprehensive Analysis - España | AI SEO Turbo",en,OK,
https://www.aiseoturbo.com/it/help/features/seo-audit,it,Italiano,"Help Center - SEO Support & Guides | AI SEO Turbo","SEO Audit Feature Guide - Comprehensive Analysis - Italia | AI SEO Turbo",en,OK,
https://www.aiseoturbo.com/id/help/features/seo-audit,id,Bahasa Indonesia,"ERROR","ERROR",,ERROR,"""Navigation timeout of 30000 ms exceeded"""
https://www.aiseoturbo.com/fr/help/features/site-crawler,fr,Français,"Help Center - SEO Support & Guides | AI SEO Turbo","Site Crawler Feature - Technical SEO Analysis Guide - France | AI SEO Turbo",en,OK,
https://www.aiseoturbo.com/de/help/features/site-crawler,de,Deutsch,"ERROR","ERROR",,ERROR,"""Navigation timeout of 30000 ms exceeded"""
https://www.aiseoturbo.com/es/help/features/site-crawler,es,Español,"Help Center - SEO Support & Guides | AI SEO Turbo","Site Crawler Feature - Technical SEO Analysis Guide - España | AI SEO Turbo",en,OK,
https://www.aiseoturbo.com/it/help/features/site-crawler,it,Italiano,"Help Center - SEO Support & Guides | AI SEO Turbo","Site Crawler Feature - Technical SEO Analysis Guide - Italia | AI SEO Turbo",en,OK,
https://www.aiseoturbo.com/id/help/features/site-crawler,id,Bahasa Indonesia,"ERROR","ERROR",,ERROR,"""Navigation timeout of 30000 ms exceeded"""
https://www.aiseoturbo.com/fr/help/features/competitor-analysis,fr,Français,"ERROR","ERROR",,ERROR,"""Navigation timeout of 30000 ms exceeded"""
https://www.aiseoturbo.com/de/help/features/competitor-analysis,de,Deutsch,"Help Center - SEO Support & Guides | AI SEO Turbo","Competitor Analysis Feature - SEO Intelligence Guide - Deutschland | AI SEO Turbo",en,OK,
https://www.aiseoturbo.com/es/help/features/competitor-analysis,es,Español,"ERROR","ERROR",,ERROR,"""Navigation timeout of 30000 ms exceeded"""
https://www.aiseoturbo.com/it/help/features/competitor-analysis,it,Italiano,"ERROR","ERROR",,ERROR,"""Navigation timeout of 30000 ms exceeded"""
https://www.aiseoturbo.com/id/help/features/competitor-analysis,id,Bahasa Indonesia,"ERROR","ERROR",,ERROR,"""Navigation timeout of 30000 ms exceeded"""
https://www.aiseoturbo.com/fr/help/features/ai-assistant,fr,Français,"ERROR","ERROR",,ERROR,"""Navigation timeout of 30000 ms exceeded"""
https://www.aiseoturbo.com/de/help/features/ai-assistant,de,Deutsch,"ERROR","ERROR",,ERROR,"""Navigation timeout of 30000 ms exceeded"""
https://www.aiseoturbo.com/es/help/features/ai-assistant,es,Español,"ERROR","ERROR",,ERROR,"""Navigation timeout of 30000 ms exceeded"""
https://www.aiseoturbo.com/it/help/features/ai-assistant,it,Italiano,"ERROR","ERROR",,ERROR,"""Navigation timeout of 30000 ms exceeded"""
https://www.aiseoturbo.com/id/help/features/ai-assistant,id,Bahasa Indonesia,"ERROR","ERROR",,ERROR,"""Navigation timeout of 30000 ms exceeded"""
https://www.aiseoturbo.com/fr/help/account-billing,fr,Français,"ERROR","ERROR",,ERROR,"""Navigation timeout of 30000 ms exceeded"""
https://www.aiseoturbo.com/de/help/account-billing,de,Deutsch,"ERROR","ERROR",,ERROR,"""Navigation timeout of 30000 ms exceeded"""
https://www.aiseoturbo.com/es/help/account-billing,es,Español,"ERROR","ERROR",,ERROR,"""Navigation timeout of 30000 ms exceeded"""
https://www.aiseoturbo.com/it/help/account-billing,it,Italiano,"Help Center - SEO Support & Guides | AI SEO Turbo","Account & Billing - Subscription Management Guide - Italia | AI SEO Turbo",en,OK,
https://www.aiseoturbo.com/id/help/account-billing,id,Bahasa Indonesia,"Help Center - SEO Support & Guides | AI SEO Turbo","Account & Billing - Subscription Management Guide - Indonesia | AI SEO Turbo",en,OK,
https://www.aiseoturbo.com/fr/help/billing/payment-methods,fr,Français,"Help Center - SEO Support & Guides | AI SEO Turbo","Payment Methods - Secure Billing Options - France | AI SEO Turbo",en,OK,
https://www.aiseoturbo.com/de/help/billing/payment-methods,de,Deutsch,"Help Center - SEO Support & Guides | AI SEO Turbo","Payment Methods - Secure Billing Options - Deutschland | AI SEO Turbo",en,OK,
https://www.aiseoturbo.com/es/help/billing/payment-methods,es,Español,"Help Center - SEO Support & Guides | AI SEO Turbo","Payment Methods - Secure Billing Options - España | AI SEO Turbo",en,OK,
https://www.aiseoturbo.com/it/help/billing/payment-methods,it,Italiano,"Help Center - SEO Support & Guides | AI SEO Turbo","Payment Methods - Secure Billing Options - Italia | AI SEO Turbo",en,OK,
https://www.aiseoturbo.com/id/help/billing/payment-methods,id,Bahasa Indonesia,"ERROR","ERROR",,ERROR,"""Navigation timeout of 30000 ms exceeded"""
https://www.aiseoturbo.com/fr/help/billing/upgrade-plan,fr,Français,"Help Center - SEO Support & Guides | AI SEO Turbo","Upgrade Plan - Choose Your SEO Solution - France | AI SEO Turbo",en,OK,
https://www.aiseoturbo.com/de/help/billing/upgrade-plan,de,Deutsch,"ERROR","ERROR",,ERROR,"""Navigation timeout of 30000 ms exceeded"""
https://www.aiseoturbo.com/es/help/billing/upgrade-plan,es,Español,"ERROR","ERROR",,ERROR,"""Navigation timeout of 30000 ms exceeded"""
https://www.aiseoturbo.com/it/help/billing/upgrade-plan,it,Italiano,"ERROR","ERROR",,ERROR,"""Navigation timeout of 30000 ms exceeded"""
https://www.aiseoturbo.com/id/help/billing/upgrade-plan,id,Bahasa Indonesia,"Help Center - SEO Support & Guides | AI SEO Turbo","Upgrade Plan - Choose Your SEO Solution - Indonesia | AI SEO Turbo",en,OK,
https://www.aiseoturbo.com/fr/help/billing/invoices,fr,Français,"Help Center - SEO Support & Guides | AI SEO Turbo","Invoices & Billing History - Account Management - France | AI SEO Turbo",en,OK,
https://www.aiseoturbo.com/de/help/billing/invoices,de,Deutsch,"Help Center - SEO Support & Guides | AI SEO Turbo","Invoices & Billing History - Account Management - Deutschland | AI SEO Turbo",en,OK,
https://www.aiseoturbo.com/es/help/billing/invoices,es,Español,"Help Center - SEO Support & Guides | AI SEO Turbo","Invoices & Billing History - Account Management - España | AI SEO Turbo",en,OK,
https://www.aiseoturbo.com/it/help/billing/invoices,it,Italiano,"Help Center - SEO Support & Guides | AI SEO Turbo","Invoices & Billing History - Account Management - Italia | AI SEO Turbo",en,OK,
https://www.aiseoturbo.com/id/help/billing/invoices,id,Bahasa Indonesia,"ERROR","ERROR",,ERROR,"""Navigation timeout of 30000 ms exceeded"""
https://www.aiseoturbo.com/fr/help/billing/cancellation,fr,Français,"ERROR","ERROR",,ERROR,"""Navigation timeout of 30000 ms exceeded"""
https://www.aiseoturbo.com/de/help/billing/cancellation,de,Deutsch,"Help Center - SEO Support & Guides | AI SEO Turbo","Cancellation Policy - Account Management Guide - Deutschland | AI SEO Turbo",en,OK,
https://www.aiseoturbo.com/es/help/billing/cancellation,es,Español,"ERROR","ERROR",,ERROR,"""Navigation timeout of 30000 ms exceeded"""
https://www.aiseoturbo.com/it/help/billing/cancellation,it,Italiano,"ERROR","ERROR",,ERROR,"""Navigation timeout of 30000 ms exceeded"""
https://www.aiseoturbo.com/id/help/billing/cancellation,id,Bahasa Indonesia,"ERROR","ERROR",,ERROR,"""Navigation timeout of 30000 ms exceeded"""
https://www.aiseoturbo.com/fr/help/security-privacy,fr,Français,"Help Center - SEO Support & Guides | AI SEO Turbo","Security & Privacy - Data Protection Guide - France | AI SEO Turbo",en,OK,
https://www.aiseoturbo.com/de/help/security-privacy,de,Deutsch,"ERROR","ERROR",,ERROR,"""Navigation timeout of 30000 ms exceeded"""
https://www.aiseoturbo.com/es/help/security-privacy,es,Español,"ERROR","ERROR",,ERROR,"""Navigation timeout of 30000 ms exceeded"""
https://www.aiseoturbo.com/it/help/security-privacy,it,Italiano,"Help Center - SEO Support & Guides | AI SEO Turbo","Security & Privacy - Data Protection Guide - Italia | AI SEO Turbo",en,OK,
https://www.aiseoturbo.com/id/help/security-privacy,id,Bahasa Indonesia,"Help Center - SEO Support & Guides | AI SEO Turbo","Security & Privacy - Data Protection Guide - Indonesia | AI SEO Turbo",en,OK,
https://www.aiseoturbo.com/fr/help/security/privacy,fr,Français,"Help Center - SEO Support & Guides | AI SEO Turbo","Privacy Policy - Data Protection & GDPR Compliance - France | AI SEO Turbo",en,OK,
https://www.aiseoturbo.com/de/help/security/privacy,de,Deutsch,"Help Center - SEO Support & Guides | AI SEO Turbo","Privacy Policy - Data Protection & GDPR Compliance - Deutschland | AI SEO Turbo",en,OK,
https://www.aiseoturbo.com/es/help/security/privacy,es,Español,"ERROR","ERROR",,ERROR,"""Navigation timeout of 30000 ms exceeded"""
https://www.aiseoturbo.com/it/help/security/privacy,it,Italiano,"Help Center - SEO Support & Guides | AI SEO Turbo","Privacy Policy - Data Protection & GDPR Compliance - Italia | AI SEO Turbo",en,OK,
https://www.aiseoturbo.com/id/help/security/privacy,id,Bahasa Indonesia,"Help Center - SEO Support & Guides | AI SEO Turbo","Privacy Policy - Data Protection & GDPR Compliance - Indonesia | AI SEO Turbo",en,OK,
https://www.aiseoturbo.com/fr/help/security/gdpr,fr,Français,"Help Center - SEO Support & Guides | AI SEO Turbo","GDPR Compliance - Data Protection Guide - France | AI SEO Turbo",en,OK,
https://www.aiseoturbo.com/de/help/security/gdpr,de,Deutsch,"Help Center - SEO Support & Guides | AI SEO Turbo","GDPR Compliance - Data Protection Guide - Deutschland | AI SEO Turbo",en,OK,
https://www.aiseoturbo.com/es/help/security/gdpr,es,Español,"Help Center - SEO Support & Guides | AI SEO Turbo","GDPR Compliance - Data Protection Guide - España | AI SEO Turbo",en,OK,
https://www.aiseoturbo.com/it/help/security/gdpr,it,Italiano,"Help Center - SEO Support & Guides | AI SEO Turbo","GDPR Compliance - Data Protection Guide - Italia | AI SEO Turbo",en,OK,
https://www.aiseoturbo.com/id/help/security/gdpr,id,Bahasa Indonesia,"ERROR","ERROR",,ERROR,"""Navigation timeout of 30000 ms exceeded"""
https://www.aiseoturbo.com/fr/help/security/two-factor-authentication,fr,Français,"ERROR","ERROR",,ERROR,"""Navigation timeout of 30000 ms exceeded"""
https://www.aiseoturbo.com/de/help/security/two-factor-authentication,de,Deutsch,"ERROR","ERROR",,ERROR,"""Navigation timeout of 30000 ms exceeded"""
https://www.aiseoturbo.com/es/help/security/two-factor-authentication,es,Español,"Help Center - SEO Support & Guides | AI SEO Turbo","Two-Factor Authentication - Account Security - España | AI SEO Turbo",en,OK,
https://www.aiseoturbo.com/it/help/security/two-factor-authentication,it,Italiano,"ERROR","ERROR",,ERROR,"""Navigation timeout of 30000 ms exceeded"""
https://www.aiseoturbo.com/id/help/security/two-factor-authentication,id,Bahasa Indonesia,"ERROR","ERROR",,ERROR,"""Navigation timeout of 30000 ms exceeded"""
https://www.aiseoturbo.com/fr/help/security/best-practices,fr,Français,"ERROR","ERROR",,ERROR,"""Navigation timeout of 30000 ms exceeded"""
https://www.aiseoturbo.com/de/help/security/best-practices,de,Deutsch,"ERROR","ERROR",,ERROR,"""Navigation timeout of 30000 ms exceeded"""
https://www.aiseoturbo.com/es/help/security/best-practices,es,Español,"ERROR","ERROR",,ERROR,"""Navigation timeout of 30000 ms exceeded"""
https://www.aiseoturbo.com/it/help/security/best-practices,it,Italiano,"Help Center - SEO Support & Guides | AI SEO Turbo","Security Best Practices - Account Protection Guide - Italia | AI SEO Turbo",en,OK,
https://www.aiseoturbo.com/id/help/security/best-practices,id,Bahasa Indonesia,"Help Center - SEO Support & Guides | AI SEO Turbo","Security Best Practices - Account Protection Guide - Indonesia | AI SEO Turbo",en,OK,
https://www.aiseoturbo.com/fr/help/troubleshooting,fr,Français,"Help Center - SEO Support & Guides | AI SEO Turbo","Troubleshooting - Common Issues & Solutions - France | AI SEO Turbo",en,OK,
https://www.aiseoturbo.com/de/help/troubleshooting,de,Deutsch,"Help Center - SEO Support & Guides | AI SEO Turbo","Troubleshooting - Common Issues & Solutions - Deutschland | AI SEO Turbo",en,OK,
https://www.aiseoturbo.com/es/help/troubleshooting,es,Español,"Help Center - SEO Support & Guides | AI SEO Turbo","Troubleshooting - Common Issues & Solutions - España | AI SEO Turbo",en,OK,
https://www.aiseoturbo.com/it/help/troubleshooting,it,Italiano,"Help Center - SEO Support & Guides | AI SEO Turbo","Troubleshooting - Common Issues & Solutions - Italia | AI SEO Turbo",en,OK,
https://www.aiseoturbo.com/id/help/troubleshooting,id,Bahasa Indonesia,"Help Center - SEO Support & Guides | AI SEO Turbo","Troubleshooting - Common Issues & Solutions - Indonesia | AI SEO Turbo",en,OK,
https://www.aiseoturbo.com/fr/help/troubleshooting/login-issues,fr,Français,"Login Issues Troubleshooting - AISEOTurbo Help","Login Issues Troubleshooting - AISEOTurbo Help - France | AI SEO Turbo",en,OK,
https://www.aiseoturbo.com/de/help/troubleshooting/login-issues,de,Deutsch,"Login Issues Troubleshooting - AISEOTurbo Help","Login Issues Troubleshooting - AISEOTurbo Help - Deutschland | AI SEO Turbo",en,OK,
https://www.aiseoturbo.com/es/help/troubleshooting/login-issues,es,Español,"Login Issues Troubleshooting - AISEOTurbo Help","Login Issues Troubleshooting - AISEOTurbo Help - España | AI SEO Turbo",en,OK,
https://www.aiseoturbo.com/it/help/troubleshooting/login-issues,it,Italiano,"Login Issues Troubleshooting - AISEOTurbo Help","Login Issues Troubleshooting - AISEOTurbo Help - Italia | AI SEO Turbo",en,OK,
https://www.aiseoturbo.com/id/help/troubleshooting/login-issues,id,Bahasa Indonesia,"ERROR","ERROR",,ERROR,"""Navigation timeout of 30000 ms exceeded"""
https://www.aiseoturbo.com/fr/help/troubleshooting/audit-issues,fr,Français,"ERROR","ERROR",,ERROR,"""Navigation timeout of 30000 ms exceeded"""
https://www.aiseoturbo.com/de/help/troubleshooting/audit-issues,de,Deutsch,"ERROR","ERROR",,ERROR,"""Navigation timeout of 30000 ms exceeded"""
https://www.aiseoturbo.com/es/help/troubleshooting/audit-issues,es,Español,"ERROR","ERROR",,ERROR,"""Navigation timeout of 30000 ms exceeded"""
https://www.aiseoturbo.com/it/help/troubleshooting/audit-issues,it,Italiano,"ERROR","ERROR",,ERROR,"""Navigation timeout of 30000 ms exceeded"""
https://www.aiseoturbo.com/id/help/troubleshooting/audit-issues,id,Bahasa Indonesia,"ERROR","ERROR",,ERROR,"""Navigation timeout of 30000 ms exceeded"""
https://www.aiseoturbo.com/fr/help/troubleshooting/performance,fr,Français,"ERROR","ERROR",,ERROR,"""Navigation timeout of 30000 ms exceeded"""
https://www.aiseoturbo.com/de/help/troubleshooting/performance,de,Deutsch,"ERROR","ERROR",,ERROR,"""Navigation timeout of 30000 ms exceeded"""
https://www.aiseoturbo.com/es/help/troubleshooting/performance,es,Español,"ERROR","ERROR",,ERROR,"""Navigation timeout of 30000 ms exceeded"""
https://www.aiseoturbo.com/it/help/troubleshooting/performance,it,Italiano,"ERROR","ERROR",,ERROR,"""Navigation timeout of 30000 ms exceeded"""
https://www.aiseoturbo.com/id/help/troubleshooting/performance,id,Bahasa Indonesia,"Performance Issues Troubleshooting - AISEOTurbo Help","Performance Issues Troubleshooting - AISEOTurbo Help - Indonesia | AI SEO Turbo",en,OK,
https://www.aiseoturbo.com/fr/help/troubleshooting/sync-issues,fr,Français,"Sync Issues Troubleshooting - AISEOTurbo Help","Sync Issues Troubleshooting - AISEOTurbo Help - France | AI SEO Turbo",en,OK,
https://www.aiseoturbo.com/de/help/troubleshooting/sync-issues,de,Deutsch,"Sync Issues Troubleshooting - AISEOTurbo Help","Sync Issues Troubleshooting - AISEOTurbo Help - Deutschland | AI SEO Turbo",en,OK,
https://www.aiseoturbo.com/es/help/troubleshooting/sync-issues,es,Español,"ERROR","ERROR",,ERROR,"""Navigation timeout of 30000 ms exceeded"""
https://www.aiseoturbo.com/it/help/troubleshooting/sync-issues,it,Italiano,"ERROR","ERROR",,ERROR,"""Navigation timeout of 30000 ms exceeded"""
https://www.aiseoturbo.com/id/help/troubleshooting/sync-issues,id,Bahasa Indonesia,"ERROR","ERROR",,ERROR,"""Navigation timeout of 30000 ms exceeded"""
https://www.aiseoturbo.com/fr/help/api-integrations,fr,Français,"ERROR","ERROR",,ERROR,"""Navigation timeout of 30000 ms exceeded"""
https://www.aiseoturbo.com/de/help/api-integrations,de,Deutsch,"ERROR","ERROR",,ERROR,"""Navigation timeout of 30000 ms exceeded"""
https://www.aiseoturbo.com/es/help/api-integrations,es,Español,"ERROR","ERROR",,ERROR,"""Navigation timeout of 30000 ms exceeded"""
https://www.aiseoturbo.com/it/help/api-integrations,it,Italiano,"ERROR","ERROR",,ERROR,"""Navigation timeout of 30000 ms exceeded"""
https://www.aiseoturbo.com/id/help/api-integrations,id,Bahasa Indonesia,"API & Integrations - AISEOTurbo Help","API & Integrations - Developer Documentation - Indonesia | AI SEO Turbo",en,OK,
https://www.aiseoturbo.com/fr/help/api/authentication,fr,Français,"Help Center - SEO Support & Guides | AI SEO Turbo","API Authentication - Developer Guide - France | AI SEO Turbo",en,OK,
https://www.aiseoturbo.com/de/help/api/authentication,de,Deutsch,"ERROR","ERROR",,ERROR,"""Navigation timeout of 30000 ms exceeded"""
https://www.aiseoturbo.com/es/help/api/authentication,es,Español,"Help Center - SEO Support & Guides | AI SEO Turbo","API Authentication - Developer Guide - España | AI SEO Turbo",en,OK,
https://www.aiseoturbo.com/it/help/api/authentication,it,Italiano,"Help Center - SEO Support & Guides | AI SEO Turbo","API Authentication - Developer Guide - Italia | AI SEO Turbo",en,OK,
https://www.aiseoturbo.com/id/help/api/authentication,id,Bahasa Indonesia,"Help Center - SEO Support & Guides | AI SEO Turbo","API Authentication - Developer Guide - Indonesia | AI SEO Turbo",en,OK,
https://www.aiseoturbo.com/fr/help/api/webhooks,fr,Français,"Help Center - SEO Support & Guides | AI SEO Turbo","Webhooks API - Integration Guide - France | AI SEO Turbo",en,OK,
https://www.aiseoturbo.com/de/help/api/webhooks,de,Deutsch,"ERROR","ERROR",,ERROR,"""Navigation timeout of 30000 ms exceeded"""
https://www.aiseoturbo.com/es/help/api/webhooks,es,Español,"Help Center - SEO Support & Guides | AI SEO Turbo","Webhooks API - Integration Guide - España | AI SEO Turbo",en,OK,
https://www.aiseoturbo.com/it/help/api/webhooks,it,Italiano,"Help Center - SEO Support & Guides | AI SEO Turbo","Webhooks API - Integration Guide - Italia | AI SEO Turbo",en,OK,
https://www.aiseoturbo.com/id/help/api/webhooks,id,Bahasa Indonesia,"Help Center - SEO Support & Guides | AI SEO Turbo","Webhooks API - Integration Guide - Indonesia | AI SEO Turbo",en,OK,