"URL","Locale","Locale Name","Title","Title Length","HTML Lang","Status","Error"
"https://www.aiseoturbo.com","en","English","AI SEO Audit Tool - Boost Rankings Faster | AI SEO Turbo","56","en","OK",""
"https://www.aiseoturbo.com/fr","fr","Français","Outil d'Audit SEO IA - Boostez vos Complete | AI SEO Turbo","58","en","OK",""
"https://www.aiseoturbo.com/de","de","Deutsch","KI-SEO-Audit-Tool - Steigern Sie Rankings - | AI SEO Turbo","58","en","OK",""
"https://www.aiseoturbo.com/es","es","Español","Herramienta Auditoría SEO IA - Mejora | AI SEO Turbo","52","en","OK",""
"https://www.aiseoturbo.com/it","it","Italiano","Strumento Audit SEO IA - Migliora Ranking - | AI SEO Turbo","58","en","OK",""
"https://www.aiseoturbo.com/id","id","Bahasa Indonesia","Alat Audit SEO AI - Tingkatkan Ranking - | AI SEO Turbo","55","en","OK",""
"https://www.aiseoturbo.com/pricing","en","English","SEO Audit Pricing - Plans From $29/month | AI SEO Turbo","58","en","OK",""
"https://www.aiseoturbo.com/fr/pricing","fr","Français","Tarifs SEO Audit - Plans Dès 29$/mois - | AI SEO Turbo","54","en","OK",""
"https://www.aiseoturbo.com/de/pricing","de","Deutsch","SEO Audit Preise - Ab 29$/Monat - Complete | AI SEO Turbo","57","en","OK",""
"https://www.aiseoturbo.com/es/pricing","es","Español","Precios Auditoría SEO - Desde 29$/mes - | AI SEO Turbo","54","en","OK",""
"https://www.aiseoturbo.com/it/pricing","it","Italiano","Prezzi Audit SEO - Piani Da 29$/mese - | AI SEO Turbo","53","en","OK",""
"https://www.aiseoturbo.com/id/pricing","id","Bahasa Indonesia","Harga Audit SEO - Dari 29$/bulan - Indonesia | AI SEO Turbo","59","en","OK",""
"https://www.aiseoturbo.com/features","en","English","SEO Features - Complete Audit & Analysis | AI SEO Turbo","55","en","OK",""
"https://www.aiseoturbo.com/fr/features","fr","Français","Fonctionnalités SEO - Audit Complet - France | AI SEO Turbo","59","en","OK",""
"https://www.aiseoturbo.com/de/features","de","Deutsch","SEO Funktionen - Vollständige Audit - | AI SEO Turbo","52","en","OK",""
"https://www.aiseoturbo.com/es/features","es","Español","Características SEO - Auditoría Completa - | AI SEO Turbo","57","en","OK",""
"https://www.aiseoturbo.com/it/features","it","Italiano","Funzionalità SEO - Audit Completo - Italia | AI SEO Turbo","57","en","OK",""
"https://www.aiseoturbo.com/id/features","id","Bahasa Indonesia","Fitur SEO - Audit Lengkap - Indonesia | AI SEO Turbo","52","en","OK",""
"https://www.aiseoturbo.com/fr/features/seo-audit","fr","Français","Outil d'Audit SEO - Analyse Site - France | AI SEO Turbo","56","en","OK",""
"https://www.aiseoturbo.com/de/features/seo-audit","de","Deutsch","SEO Audit Tool - Website-Analyse - Complete | AI SEO Turbo","58","en","OK",""
"https://www.aiseoturbo.com/es/features/seo-audit","es","Español","Herramienta Auditoría SEO - Análisis Sitio - | AI SEO Turbo","59","en","OK",""
"https://www.aiseoturbo.com/it/features/seo-audit","it","Italiano","Strumento Audit SEO - Analisi Sito - Italia | AI SEO Turbo","58","en","OK",""
"https://www.aiseoturbo.com/id/features/seo-audit","id","Bahasa Indonesia","Alat Audit SEO - Analisis Website - | AI SEO Turbo","50","en","OK",""
"https://www.aiseoturbo.com/fr/features/site-crawler","fr","Français","Crawleur de Site - Analyse Technique - | AI SEO Turbo","53","en","OK",""
"https://www.aiseoturbo.com/de/features/site-crawler","de","Deutsch","Site Crawler - Technische SEO-Analyse - | AI SEO Turbo","54","en","OK",""
"https://www.aiseoturbo.com/es/features/site-crawler","es","Español","Rastreador de Sitio - Análisis Técnico - | AI SEO Turbo","55","en","OK",""
"https://www.aiseoturbo.com/it/features/site-crawler","it","Italiano","Crawler del Sito - Analisi Tecnica - Italia | AI SEO Turbo","58","en","OK",""
"https://www.aiseoturbo.com/id/features/site-crawler","id","Bahasa Indonesia","Site Crawler - Analisis Teknis - Indonesia | AI SEO Turbo","57","en","OK",""
"https://www.aiseoturbo.com/fr/features/keyword-tracking","fr","Français","Suivi Mots-Clés - Surveillez Rankings - | AI SEO Turbo","54","en","OK",""
"https://www.aiseoturbo.com/de/features/keyword-tracking","de","Deutsch","Keyword Tracking - Rankings Überwachen - | AI SEO Turbo","55","en","OK",""
"https://www.aiseoturbo.com/es/features/keyword-tracking","es","Español","Seguimiento Palabras Clave - Monitorea | AI SEO Turbo","53","en","OK","(wait"
"https://www.aiseoturbo.com/it/features/keyword-tracking","it","Italiano","Monitoraggio Keywords - Monitora Ranking - | AI SEO Turbo","57","en","OK",""
"https://www.aiseoturbo.com/id/features/keyword-tracking","id","Bahasa Indonesia","Pelacakan Kata Kunci - Pantau Ranking - | AI SEO Turbo","54","en","OK",""
"https://www.aiseoturbo.com/fr/features/competitor-analysis","fr","Français","Analyse Concurrentielle SEO - Intelligence - | AI SEO Turbo","59","en","OK",""
"https://www.aiseoturbo.com/de/features/competitor-analysis","de","Deutsch","Konkurrenzanalyse SEO - Intelligence - | AI SEO Turbo","53","en","OK",""
"https://www.aiseoturbo.com/es/features/competitor-analysis","es","Español","Análisis Competidores SEO - Inteligencia - | AI SEO Turbo","57","en","OK",""
"https://www.aiseoturbo.com/it/features/competitor-analysis","it","Italiano","Analisi Competitor SEO - Intelligence - | AI SEO Turbo","54","en","OK",""
"https://www.aiseoturbo.com/id/features/competitor-analysis","id","Bahasa Indonesia","Analisis Kompetitor SEO - Intelligence - | AI SEO Turbo","55","en","OK",""
"https://www.aiseoturbo.com/fr/features/ai-assistant","fr","Français","Assistant IA SEO - Recommandations - France | AI SEO Turbo","58","en","OK",""
"https://www.aiseoturbo.com/de/features/ai-assistant","de","Deutsch","KI-Assistent SEO - Empfehlungen - Complete | AI SEO Turbo","57","en","OK",""
"https://www.aiseoturbo.com/es/features/ai-assistant","es","Español","Asistente IA SEO - Recomendaciones - España | AI SEO Turbo","58","en","OK",""
"https://www.aiseoturbo.com/it/features/ai-assistant","it","Italiano","Assistente IA SEO - Raccomandazioni - Italia | AI SEO Turbo","59","en","OK",""
"https://www.aiseoturbo.com/id/features/ai-assistant","id","Bahasa Indonesia","Asisten AI SEO - Rekomendasi - Indonesia | AI SEO Turbo","55","en","OK",""
"https://www.aiseoturbo.com/fr/about","fr","Français","À Propos AI SEO Turbo - Équipe Experte - | AI SEO Turbo","55","en","OK",""
"https://www.aiseoturbo.com/de/about","de","Deutsch","Über AI SEO Turbo - Experten Team - | AI SEO Turbo","50","en","OK",""
"https://www.aiseoturbo.com/es/about","es","Español","Acerca AI SEO Turbo - Equipo Experto - | AI SEO Turbo","53","en","OK",""
"https://www.aiseoturbo.com/it/about","it","Italiano","Chi Siamo AI SEO Turbo - Team Esperto - | AI SEO Turbo","54","en","OK",""
"https://www.aiseoturbo.com/id/about","id","Bahasa Indonesia","Tentang AI SEO Turbo - Tim Ahli - Indonesia | AI SEO Turbo","58","en","OK",""
"https://www.aiseoturbo.com/fr/contact","fr","Français","Contact AI SEO Turbo - Support Expert - | AI SEO Turbo","54","en","OK",""
"https://www.aiseoturbo.com/de/contact","de","Deutsch","Kontakt AI SEO Turbo - Experten Support - | AI SEO Turbo","56","en","OK",""
"https://www.aiseoturbo.com/es/contact","es","Español","Contacto AI SEO Turbo - Soporte Experto - | AI SEO Turbo","56","en","OK",""
"https://www.aiseoturbo.com/it/contact","it","Italiano","Contatto AI SEO Turbo - Supporto Esperto - | AI SEO Turbo","57","en","OK",""
"https://www.aiseoturbo.com/id/contact","id","Bahasa Indonesia","Kontak AI SEO Turbo - Dukungan Ahli - | AI SEO Turbo","52","en","OK",""
"https://www.aiseoturbo.com/blog","en","English","SEO Blog - Tips & Strategies | AI SEO Turbo","45","en","OK",""
"https://www.aiseoturbo.com/fr/blog","fr","Français","Blog SEO - Conseils & Stratégies - France | AI SEO Turbo","56","en","OK",""
"https://www.aiseoturbo.com/de/blog","de","Deutsch","SEO Blog - Tipps & Strategien - Deutschland | AI SEO Turbo","58","en","OK",""
"https://www.aiseoturbo.com/es/blog","es","Español","Blog SEO - Consejos & Estrategias - España | AI SEO Turbo","57","en","OK",""
"https://www.aiseoturbo.com/it/blog","it","Italiano","Blog SEO - Consigli & Strategie - Italia | AI SEO Turbo","55","en","OK",""
"https://www.aiseoturbo.com/id/blog","id","Bahasa Indonesia","Blog SEO - Tips & Strategi - Indonesia | AI SEO Turbo","53","en","OK",""
"https://www.aiseoturbo.com/fr/blog/ai-powered-seo-future","fr","Français","SEO Alimenté par IA - L'Avenir - France | AI SEO Turbo Blog","59","en","OK",""
"https://www.aiseoturbo.com/de/blog/ai-powered-seo-future","de","Deutsch","KI-gestützte SEO - Die Zukunft - | AI SEO Turbo Blog","52","en","OK",""
"https://www.aiseoturbo.com/es/blog/ai-powered-seo-future","es","Español","SEO Potenciado por IA - El Futuro - | AI SEO Turbo Blog","55","en","OK",""
"https://www.aiseoturbo.com/it/blog/ai-powered-seo-future","it","Italiano","SEO Potenziato IA - Il Futuro - Italia | AI SEO Turbo Blog","58","en","OK",""
"https://www.aiseoturbo.com/id/blog/ai-powered-seo-future","id","Bahasa Indonesia","SEO Bertenaga AI - Masa Depan - | AI SEO Turbo Blog","51","en","OK",""
"https://www.aiseoturbo.com/fr/blog/complete-seo-audit-checklist-2025","fr","Français","Checklist Audit SEO Complet 2025 - | AI SEO Turbo Blog","54","en","OK",""
"https://www.aiseoturbo.com/de/blog/complete-seo-audit-checklist-2025","de","Deutsch","Vollständige SEO Audit Checkliste 2025 | AI SEO Turbo Blog","58","en","OK","(over"
"https://www.aiseoturbo.com/es/blog/complete-seo-audit-checklist-2025","es","Español","Lista de Verificaciónación Auditoría SEO 2025 - | AI SEO Turbo Blog","59","en","OK",""
"https://www.aiseoturbo.com/it/blog/complete-seo-audit-checklist-2025","it","Italiano","Elenco Audit SEO Completo 2025 - Italia | AI SEO Turbo Blog","59","en","OK",""
"https://www.aiseoturbo.com/id/blog/complete-seo-audit-checklist-2025","id","Bahasa Indonesia","Checklist Audit SEO Lengkap 2025 - | AI SEO Turbo Blog","54","en","OK",""
"https://www.aiseoturbo.com/fr/blog/content-seo-creating-search-friendly-content","fr","Français","SEO Contenu - Créer Contenu Optimisé - | AI SEO Turbo Blog","58","en","OK",""
"https://www.aiseoturbo.com/de/blog/content-seo-creating-search-friendly-content","de","Deutsch","Content SEO - Suchmaschinenfreundlich - | AI SEO Turbo Blog","59","en","OK",""
"https://www.aiseoturbo.com/es/blog/content-seo-creating-search-friendly-content","es","Español","SEO Contenido - Crear Contenido | AI SEO Turbo Blog","51","en","OK",""
"https://www.aiseoturbo.com/it/blog/content-seo-creating-search-friendly-content","it","Italiano","SEO Contenuti - Creare Contenuti | AI SEO Turbo Blog","52","en","OK",""
"https://www.aiseoturbo.com/id/blog/content-seo-creating-search-friendly-content","id","Bahasa Indonesia","SEO Konten - Buat Konten Ramah Cari - | AI SEO Turbo Blog","57","en","OK",""
"https://www.aiseoturbo.com/fr/blog/core-web-vitals-optimization-guide","fr","Français","Guide Optimisation Core Web Vitals - | AI SEO Turbo Blog","56","en","OK",""
"https://www.aiseoturbo.com/de/blog/core-web-vitals-optimization-guide","de","Deutsch","Core Web Vitals Optimierung Guide - | AI SEO Turbo Blog","55","en","OK",""
"https://www.aiseoturbo.com/es/blog/core-web-vitals-optimization-guide","es","Español","Guía Optimización Core Web Vitals - | AI SEO Turbo Blog","55","en","OK",""
"https://www.aiseoturbo.com/it/blog/core-web-vitals-optimization-guide","it","Italiano","Guida Ottimizzazione Core Web Vitals - | AI SEO Turbo Blog","58","en","OK",""
"https://www.aiseoturbo.com/id/blog/core-web-vitals-optimization-guide","id","Bahasa Indonesia","Panduan Optimasi Core Web Vitals - | AI SEO Turbo Blog","54","en","OK",""
"https://www.aiseoturbo.com/fr/blog/local-seo-strategies-that-work","fr","Français","Stratégies SEO Locales Efficaces - | AI SEO Turbo Blog","54","en","OK",""
"https://www.aiseoturbo.com/de/blog/local-seo-strategies-that-work","de","Deutsch","Lokale SEO Strategien die Complete | AI SEO Turbo Blog","54","en","OK",""
"https://www.aiseoturbo.com/es/blog/local-seo-strategies-that-work","es","Español","Estrategias SEO Locales que Funcionan - | AI SEO Turbo Blog","59","en","OK",""
"https://www.aiseoturbo.com/it/blog/local-seo-strategies-that-work","it","Italiano","Strategie SEO Locali che Funzionano - | AI SEO Turbo Blog","57","en","OK",""
"https://www.aiseoturbo.com/id/blog/local-seo-strategies-that-work","id","Bahasa Indonesia","Strategi SEO Lokal Efektif - Indonesia | AI SEO Turbo Blog","58","en","OK",""
"https://www.aiseoturbo.com/fr/blog/technical-seo-best-practices-2025","fr","Français","Meilleures Pratiques SEO Technique 2025 | AI SEO Turbo Blog","59","en","OK",""
"https://www.aiseoturbo.com/de/blog/technical-seo-best-practices-2025","de","Deutsch","Technische SEO Best Practices 2025 - | AI SEO Turbo Blog","56","en","OK",""
"https://www.aiseoturbo.com/es/blog/technical-seo-best-practices-2025","es","Español","Mejores Prácticas SEO Técnico 2025 - | AI SEO Turbo Blog","56","en","OK",""
"https://www.aiseoturbo.com/it/blog/technical-seo-best-practices-2025","it","Italiano","Migliori Pratiche SEO Tecnico 2025 - | AI SEO Turbo Blog","56","en","OK",""
"https://www.aiseoturbo.com/id/blog/technical-seo-best-practices-2025","id","Bahasa Indonesia","Praktik Terbaik SEO Teknis 2025 - | AI SEO Turbo Blog","53","en","OK",""
"https://www.aiseoturbo.com/fr/case-studies","fr","Français","Études de Cas SEO - Résultats Réels - France | AI SEO Turbo","59","en","OK",""
"https://www.aiseoturbo.com/de/case-studies","de","Deutsch","SEO Fallstudien - Reale Ergebnisse - | AI SEO Turbo","51","en","OK",""
"https://www.aiseoturbo.com/es/case-studies","es","Español","Casos de Estudio SEO - Resultados Reales - | AI SEO Turbo","57","en","OK",""
"https://www.aiseoturbo.com/it/case-studies","it","Italiano","Casi Studio SEO - Risultati Reali - Italia | AI SEO Turbo","57","en","OK",""
"https://www.aiseoturbo.com/id/case-studies","id","Bahasa Indonesia","Studi Kasus SEO - Hasil Nyata - Indonesia | AI SEO Turbo","56","en","OK",""
"https://www.aiseoturbo.com/fr/case-studies/cloudsync-pro","fr","Français","Étude Cas CloudSync Pro - Trafic Organique | AI SEO Turbo","57","en","OK",""
"https://www.aiseoturbo.com/de/case-studies/cloudsync-pro","de","Deutsch","CloudSync Pro Fallstudie - Organischer | AI SEO Turbo","53","en","OK",""
"https://www.aiseoturbo.com/es/case-studies/cloudsync-pro","es","Español","Caso Estudio CloudSync Pro - Tráfico | AI SEO Turbo","51","en","OK",""
"https://www.aiseoturbo.com/it/case-studies/cloudsync-pro","it","Italiano","Caso Studio CloudSync Pro - Traffico | AI SEO Turbo","51","en","OK",""
"https://www.aiseoturbo.com/id/case-studies/cloudsync-pro","id","Bahasa Indonesia","Studi Kasus CloudSync Pro - Traffic Organik | AI SEO Turbo","58","en","OK",""
"https://www.aiseoturbo.com/fr/case-studies/digital-growth-agency","fr","Français","Étude Cas Agence Croissance Digitale - | AI SEO Turbo","53","en","OK",""
"https://www.aiseoturbo.com/de/case-studies/digital-growth-agency","de","Deutsch","Digital Growth Agency Fallstudie - Kunden | AI SEO Turbo","56","en","OK",""
"https://www.aiseoturbo.com/es/case-studies/digital-growth-agency","es","Español","Caso Estudio Agencia Crecimiento Digital - | AI SEO Turbo","57","en","OK",""
"https://www.aiseoturbo.com/it/case-studies/digital-growth-agency","it","Italiano","Caso Studio Agenzia Crescita Digitale - | AI SEO Turbo","54","en","OK",""
"https://www.aiseoturbo.com/id/case-studies/digital-growth-agency","id","Bahasa Indonesia","Studi Kasus Digital Growth Agency - Klien | AI SEO Turbo","56","en","OK",""
"https://www.aiseoturbo.com/fr/case-studies/gearhub-pro","fr","Français","Étude Cas GearHub Pro - #1 en 4 Mois - | AI SEO Turbo","53","en","OK",""
"https://www.aiseoturbo.com/de/case-studies/gearhub-pro","de","Deutsch","GearHub Pro Fallstudie - #1 in 4 Monaten - | AI SEO Turbo","57","en","OK",""
"https://www.aiseoturbo.com/es/case-studies/gearhub-pro","es","Español","Caso Estudio GearHub Pro - #1 en 4 Meses - | AI SEO Turbo","57","en","OK",""
"https://www.aiseoturbo.com/it/case-studies/gearhub-pro","it","Italiano","Caso Studio GearHub Pro - #1 in 4 Mesi - | AI SEO Turbo","55","en","OK",""
"https://www.aiseoturbo.com/id/case-studies/gearhub-pro","id","Bahasa Indonesia","Studi Kasus GearHub Pro - #1 dalam 4 Bulan - | AI SEO Turbo","59","en","OK",""
"https://www.aiseoturbo.com/fr/case-studies/peak-performance","fr","Français","Étude Cas Peak Performance - Revenus 189% - | AI SEO Turbo","58","en","OK",""
"https://www.aiseoturbo.com/de/case-studies/peak-performance","de","Deutsch","Peak Performance Fallstudie - Umsatz 189% - | AI SEO Turbo","58","en","OK",""
"https://www.aiseoturbo.com/es/case-studies/peak-performance","es","Español","Caso Estudio Peak Performance - Ingresos | AI SEO Turbo","55","en","OK",""
"https://www.aiseoturbo.com/it/case-studies/peak-performance","it","Italiano","Caso Studio Peak Performance - Ricavi 189% - | AI SEO Turbo","59","en","OK",""
"https://www.aiseoturbo.com/id/case-studies/peak-performance","id","Bahasa Indonesia","Studi Kasus Peak Performance - Pendapatan | AI SEO Turbo","56","en","OK",""
"https://www.aiseoturbo.com/fr/case-studies/stylecraft-boutique","fr","Français","Étude Cas StyleCraft Boutique - Trafic 427% | AI SEO Turbo","58","en","OK",""
"https://www.aiseoturbo.com/de/case-studies/stylecraft-boutique","de","Deutsch","StyleCraft Boutique Fallstudie - Traffic | AI SEO Turbo","55","en","OK",""
"https://www.aiseoturbo.com/es/case-studies/stylecraft-boutique","es","Español","Caso Estudio StyleCraft Boutique - Tráfico | AI SEO Turbo","57","en","OK",""
"https://www.aiseoturbo.com/it/case-studies/stylecraft-boutique","it","Italiano","Caso Studio StyleCraft Boutique - Traffico | AI SEO Turbo","57","en","OK",""
"https://www.aiseoturbo.com/id/case-studies/stylecraft-boutique","id","Bahasa Indonesia","Studi Kasus StyleCraft Boutique - Traffic | AI SEO Turbo","56","en","OK",""
"https://www.aiseoturbo.com/fr/case-studies/techflow-solutions","fr","Français","Étude Cas TechFlow Solutions - Succès SEO - | AI SEO Turbo","58","en","OK",""
"https://www.aiseoturbo.com/de/case-studies/techflow-solutions","de","Deutsch","TechFlow Solutions Fallstudie - SEO Erfolg - | AI SEO Turbo","59","en","OK",""
"https://www.aiseoturbo.com/es/case-studies/techflow-solutions","es","Español","Caso Estudio TechFlow Solutions - Éxito SEO | AI SEO Turbo","58","en","OK",""
"https://www.aiseoturbo.com/it/case-studies/techflow-solutions","it","Italiano","Caso Studio TechFlow Solutions - Successo | AI SEO Turbo","56","en","OK",""
"https://www.aiseoturbo.com/id/case-studies/techflow-solutions","id","Bahasa Indonesia","Studi Kasus TechFlow Solutions - Kesuksesan | AI SEO Turbo","58","en","OK",""
"https://www.aiseoturbo.com/fr/help","fr","Français","Centre d'Aide - Support SEO - France | AI SEO Turbo","51","en","OK",""
"https://www.aiseoturbo.com/de/help","de","Deutsch","Hilfe Center - SEO Support - Deutschland | AI SEO Turbo","55","en","OK",""
"https://www.aiseoturbo.com/es/help","es","Español","Centro de Ayuda - Soporte SEO - España | AI SEO Turbo","53","en","OK",""
"https://www.aiseoturbo.com/it/help","it","Italiano","Centro Assistenza - Supporto SEO - Italia | AI SEO Turbo","56","en","OK",""
"https://www.aiseoturbo.com/id/help","id","Bahasa Indonesia","Pusat Bantuan - Dukungan SEO - Indonesia | AI SEO Turbo","55","en","OK",""
"https://www.aiseoturbo.com/fr/help/getting-started","fr","Français","Premiers Pas - Guide Setup SEO - France | AI SEO Turbo","54","en","OK",""
"https://www.aiseoturbo.com/de/help/getting-started","de","Deutsch","Erste Schritte - SEO Setup Guide - Complete | AI SEO Turbo","58","en","OK",""
"https://www.aiseoturbo.com/es/help/getting-started","es","Español","Primeros Pasos - Guía Setup SEO - España | AI SEO Turbo","55","en","OK",""
"https://www.aiseoturbo.com/it/help/getting-started","it","Italiano","Primi Passi - Guida Setup SEO - Italia | AI SEO Turbo","53","en","OK",""
"https://www.aiseoturbo.com/id/help/getting-started","id","Bahasa Indonesia","Langkah Awal - Panduan Setup SEO - Indonesia | AI SEO Turbo","59","en","OK",""
"https://www.aiseoturbo.com/fr/help/getting-started/quick-start","fr","Français","Guide Démarrage Rapide - Setup 10 Minutes - | AI SEO Turbo","58","en","OK",""
"https://www.aiseoturbo.com/de/help/getting-started/quick-start","de","Deutsch","Schnellstart Guide - Setup in 10 Minuten - | AI SEO Turbo","57","en","OK",""
"https://www.aiseoturbo.com/es/help/getting-started/quick-start","es","Español","Guía Inicio Rápido - Setup 10 Minutos - | AI SEO Turbo","54","en","OK",""
"https://www.aiseoturbo.com/it/help/getting-started/quick-start","it","Italiano","Guida Avvio Rapido - Setup 10 Minuti - | AI SEO Turbo","53","en","OK",""
"https://www.aiseoturbo.com/id/help/getting-started/quick-start","id","Bahasa Indonesia","Panduan Mulai Cepat - Setup 10 Menit - | AI SEO Turbo","53","en","OK",""
"https://www.aiseoturbo.com/fr/help/getting-started/first-audit","fr","Français","Premier Audit SEO - Guide Pas à Pas - France | AI SEO Turbo","59","en","OK",""
"https://www.aiseoturbo.com/de/help/getting-started/first-audit","de","Deutsch","Erster SEO Audit - Schritt-für-Schritt Guide | AI SEO Turbo","59","en","OK",""
"https://www.aiseoturbo.com/es/help/getting-started/first-audit","es","Español","Primer Auditoría SEO - Guía Paso a Paso - | AI SEO Turbo","56","en","OK",""
"https://www.aiseoturbo.com/it/help/getting-started/first-audit","it","Italiano","Primo Audit SEO - Guida Passo Passo - Italia | AI SEO Turbo","59","en","OK",""
"https://www.aiseoturbo.com/id/help/getting-started/first-audit","id","Bahasa Indonesia","Audit SEO Pertama - Panduan Langkah demi | AI SEO Turbo","55","en","OK",""
"https://www.aiseoturbo.com/fr/help/getting-started/seo-scores","fr","Français","Scores SEO - Comprendre Résultats - France | AI SEO Turbo","57","en","OK",""
"https://www.aiseoturbo.com/de/help/getting-started/seo-scores","de","Deutsch","SEO Scores - Ergebnisse Verstehen - | AI SEO Turbo","50","en","OK",""
"https://www.aiseoturbo.com/es/help/getting-started/seo-scores","es","Español","Puntuaciones SEO - Entender Resultados - | AI SEO Turbo","55","en","OK",""
"https://www.aiseoturbo.com/it/help/getting-started/seo-scores","it","Italiano","Punteggi SEO - Capire Risultati - Italia | AI SEO Turbo","55","en","OK",""
"https://www.aiseoturbo.com/id/help/getting-started/seo-scores","id","Bahasa Indonesia","Skor SEO - Pahami Hasil - Indonesia | AI SEO Turbo","50","en","OK",""
"https://www.aiseoturbo.com/fr/help/seo-tools-features","fr","Français","Fonctionnalités Outils SEO - Guide - France | AI SEO Turbo","58","en","OK",""
"https://www.aiseoturbo.com/de/help/seo-tools-features","de","Deutsch","SEO Tools Funktionen - Guide - Deutschland | AI SEO Turbo","57","en","OK",""
"https://www.aiseoturbo.com/es/help/seo-tools-features","es","Español","Características Herramientas SEO - Guía - | AI SEO Turbo","56","en","OK",""
"https://www.aiseoturbo.com/it/help/seo-tools-features","it","Italiano","Funzionalità Strumenti SEO - Guida - Italia | AI SEO Turbo","58","en","OK",""
"https://www.aiseoturbo.com/id/help/seo-tools-features","id","Bahasa Indonesia","Fitur Alat SEO - Panduan - Indonesia | AI SEO Turbo","51","en","OK",""
"https://www.aiseoturbo.com/fr/help/features/seo-audit","fr","Français","Guide Fonction Audit SEO - Analyse Site - | AI SEO Turbo","56","en","OK",""
"https://www.aiseoturbo.com/de/help/features/seo-audit","de","Deutsch","SEO Audit Feature Guide - Website Analyse - | AI SEO Turbo","58","en","OK",""
"https://www.aiseoturbo.com/es/help/features/seo-audit","es","Español","Guía Función Auditoría SEO - Análisis Sitio | AI SEO Turbo","58","en","OK",""
"https://www.aiseoturbo.com/it/help/features/seo-audit","it","Italiano","Guida Funzione Audit SEO - Analisi Sito - | AI SEO Turbo","56","en","OK",""
"https://www.aiseoturbo.com/id/help/features/seo-audit","id","Bahasa Indonesia","Panduan Fitur Audit SEO - Analisis Website - | AI SEO Turbo","59","en","OK",""
"https://www.aiseoturbo.com/fr/help/features/site-crawler","fr","Français","Guide Fonction Site Crawler - Analyse - | AI SEO Turbo","54","en","OK",""
"https://www.aiseoturbo.com/de/help/features/site-crawler","de","Deutsch","Site Crawler Feature Guide - Analyse - | AI SEO Turbo","53","en","OK",""
"https://www.aiseoturbo.com/es/help/features/site-crawler","es","Español","Guía Función Rastreador Sitio - Análisis - | AI SEO Turbo","57","en","OK",""
"https://www.aiseoturbo.com/it/help/features/site-crawler","it","Italiano","Guida Funzione Site Crawler - Analisi - | AI SEO Turbo","54","en","OK",""
"https://www.aiseoturbo.com/id/help/features/site-crawler","id","Bahasa Indonesia","Panduan Fitur Site Crawler - Analisis - | AI SEO Turbo","54","en","OK",""
"https://www.aiseoturbo.com/fr/help/features/competitor-analysis","fr","Français","Guide Fonction Analyse Concurrentielle - | AI SEO Turbo","55","en","OK",""
"https://www.aiseoturbo.com/de/help/features/competitor-analysis","de","Deutsch","Konkurrenzanalyse Feature Guide - Complete | AI SEO Turbo","57","en","OK",""
"https://www.aiseoturbo.com/es/help/features/competitor-analysis","es","Español","Guía Función Análisis Competidores - España | AI SEO Turbo","58","en","OK",""
"https://www.aiseoturbo.com/it/help/features/competitor-analysis","it","Italiano","Guida Funzione Analisi Competitor - Italia | AI SEO Turbo","57","en","OK",""
"https://www.aiseoturbo.com/id/help/features/competitor-analysis","id","Bahasa Indonesia","Panduan Fitur Analisis Kompetitor - | AI SEO Turbo","50","en","OK",""
"https://www.aiseoturbo.com/fr/help/features/ai-assistant","fr","Français","Guide Fonction Assistant IA - France | AI SEO Turbo","51","en","OK",""
"https://www.aiseoturbo.com/de/help/features/ai-assistant","de","Deutsch","KI-Assistent Feature Guide - Deutschland | AI SEO Turbo","55","en","OK",""
"https://www.aiseoturbo.com/es/help/features/ai-assistant","es","Español","Guía Función Asistente IA - España Complete | AI SEO Turbo","58","en","OK",""
"https://www.aiseoturbo.com/it/help/features/ai-assistant","it","Italiano","Guida Funzione Assistente IA - Italia | AI SEO Turbo","52","en","OK",""
"https://www.aiseoturbo.com/id/help/features/ai-assistant","id","Bahasa Indonesia","Panduan Fitur Asisten AI - Indonesia | AI SEO Turbo","51","en","OK",""
"https://www.aiseoturbo.com/fr/help/account-billing","fr","Français","Gestion Compte & Facturation - Guide - | AI SEO Turbo","53","en","OK",""
"https://www.aiseoturbo.com/de/help/account-billing","de","Deutsch","Konto & Abrechnung Verwaltung - Guide - | AI SEO Turbo","54","en","OK",""
"https://www.aiseoturbo.com/es/help/account-billing","es","Español","Gestión Cuenta & Facturación - Guía - España | AI SEO Turbo","59","en","OK",""
"https://www.aiseoturbo.com/it/help/account-billing","it","Italiano","Gestione Account & Fatturazione - Guida - | AI SEO Turbo","56","en","OK",""
"https://www.aiseoturbo.com/id/help/account-billing","id","Bahasa Indonesia","Pengelolaan Akun & Penagihan - Panduan - | AI SEO Turbo","55","en","OK",""
"https://www.aiseoturbo.com/fr/help/billing/payment-methods","fr","Français","Méthodes Paiement & Infos Facturation - | AI SEO Turbo","54","en","OK",""
"https://www.aiseoturbo.com/de/help/billing/payment-methods","de","Deutsch","Zahlungsmethoden & Rechnungsinfos - | AI SEO Turbo","50","en","OK",""
"https://www.aiseoturbo.com/es/help/billing/payment-methods","es","Español","Métodos Pago & Información Facturación - | AI SEO Turbo","55","en","OK",""
"https://www.aiseoturbo.com/it/help/billing/payment-methods","it","Italiano","Metodi Pagamento & Info Fatturazione - | AI SEO Turbo","53","en","OK",""
"https://www.aiseoturbo.com/id/help/billing/payment-methods","id","Bahasa Indonesia","Metode Pembayaran & Info Penagihan - | AI SEO Turbo","51","en","OK",""
"https://www.aiseoturbo.com/fr/help/billing/upgrade-plan","fr","Français","Mettre à Niveau Plan - Abonnements - France | AI SEO Turbo","58","en","OK",""
"https://www.aiseoturbo.com/de/help/billing/upgrade-plan","de","Deutsch","Plan Upgraden - Abonnements & Preise - | AI SEO Turbo","53","en","OK",""
"https://www.aiseoturbo.com/es/help/billing/upgrade-plan","es","Español","Actualizar Plan - Suscripciones - España | AI SEO Turbo","55","en","OK",""
"https://www.aiseoturbo.com/it/help/billing/upgrade-plan","it","Italiano","Aggiorna Piano - Abbonamenti - Italia | AI SEO Turbo","52","en","OK",""
"https://www.aiseoturbo.com/id/help/billing/upgrade-plan","id","Bahasa Indonesia","Upgrade Paket - Langganan - Indonesia | AI SEO Turbo","52","en","OK",""
"https://www.aiseoturbo.com/fr/help/billing/invoices","fr","Français","Gestion Factures - Historique - France | AI SEO Turbo","53","en","OK",""
"https://www.aiseoturbo.com/de/help/billing/invoices","de","Deutsch","Rechnung Verwaltung - Historie - Deutschland | AI SEO Turbo","59","en","OK",""
"https://www.aiseoturbo.com/es/help/billing/invoices","es","Español","Gestión Facturas - Historial - España | AI SEO Turbo","52","en","OK",""
"https://www.aiseoturbo.com/it/help/billing/invoices","it","Italiano","Gestione Fatture - Storico - Italia | AI SEO Turbo","50","en","OK",""
"https://www.aiseoturbo.com/id/help/billing/invoices","id","Bahasa Indonesia","Pengelolaan Faktur - Riwayat - Indonesia | AI SEO Turbo","55","en","OK",""
"https://www.aiseoturbo.com/fr/help/billing/cancellation","fr","Français","Annulation Compte - Guide - France Complete | AI SEO Turbo","58","en","OK",""
"https://www.aiseoturbo.com/de/help/billing/cancellation","de","Deutsch","Konto Kündigung - Guide - Deutschland | AI SEO Turbo","52","en","OK",""
"https://www.aiseoturbo.com/es/help/billing/cancellation","es","Español","Cancelación Cuenta - Guía - España Complete | AI SEO Turbo","58","en","OK",""
"https://www.aiseoturbo.com/it/help/billing/cancellation","it","Italiano","Cancellazione Account - Guida - Italia | AI SEO Turbo","53","en","OK",""
"https://www.aiseoturbo.com/id/help/billing/cancellation","id","Bahasa Indonesia","Pembatalan Akun - Panduan - Indonesia | AI SEO Turbo","52","en","OK",""
"https://www.aiseoturbo.com/fr/help/security-privacy","fr","Français","Politiques Sécurité & Confidentialité - | AI SEO Turbo","54","en","OK",""
"https://www.aiseoturbo.com/de/help/security-privacy","de","Deutsch","Sicherheit & Datenschutz Richtlinien - | AI SEO Turbo","53","en","OK",""
"https://www.aiseoturbo.com/es/help/security-privacy","es","Español","Políticas Seguridad & Privacidad - España | AI SEO Turbo","56","en","OK",""
"https://www.aiseoturbo.com/it/help/security-privacy","it","Italiano","Politiche Sicurezza & Privacy - Italia | AI SEO Turbo","53","en","OK",""
"https://www.aiseoturbo.com/id/help/security-privacy","id","Bahasa Indonesia","Kebijakan Keamanan & Privasi - Indonesia | AI SEO Turbo","55","en","OK",""
"https://www.aiseoturbo.com/fr/help/security/privacy","fr","Français","Paramètres Confidentialité - Gestion Données | AI SEO Turbo","59","en","OK",""
"https://www.aiseoturbo.com/de/help/security/privacy","de","Deutsch","Datenschutz Einstellungen - Datenverwaltung | AI SEO Turbo","58","en","OK",""
"https://www.aiseoturbo.com/es/help/security/privacy","es","Español","Configuraciones Privacidad - Gestión Datos - | AI SEO Turbo","59","en","OK",""
"https://www.aiseoturbo.com/it/help/security/privacy","it","Italiano","Impostazioni Privacy - Gestione Dati - | AI SEO Turbo","53","en","OK",""
"https://www.aiseoturbo.com/id/help/security/privacy","id","Bahasa Indonesia","Pengaturan Privasi - Pengelolaan Data - | AI SEO Turbo","54","en","OK",""
"https://www.aiseoturbo.com/fr/help/security/gdpr","fr","Français","Conformité RGPD - Droits Données - France | AI SEO Turbo","56","en","OK",""
"https://www.aiseoturbo.com/de/help/security/gdpr","de","Deutsch","DSGVO Konformität - Datenrechte - Complete | AI SEO Turbo","57","en","OK",""
"https://www.aiseoturbo.com/es/help/security/gdpr","es","Español","Cumplimiento RGPD - Derechos Datos - España | AI SEO Turbo","58","en","OK",""
"https://www.aiseoturbo.com/it/help/security/gdpr","it","Italiano","Conformité GDPR - Diritti Dati - Italia | AI SEO Turbo","54","en","OK",""
"https://www.aiseoturbo.com/id/help/security/gdpr","id","Bahasa Indonesia","Kepatuhan GDPR - Hak Data - Indonesia | AI SEO Turbo","52","en","OK",""
"https://www.aiseoturbo.com/fr/help/security/two-factor-authentication","fr","Français","Configuration Authentification Double | AI SEO Turbo","52","en","OK",""
"https://www.aiseoturbo.com/de/help/security/two-factor-authentication","de","Deutsch","Zwei-Faktor-Authentifizierung Setup - | AI SEO Turbo","52","en","OK",""
"https://www.aiseoturbo.com/es/help/security/two-factor-authentication","es","Español","Configuración Autenticación Dos Factores - | AI SEO Turbo","57","en","OK",""
"https://www.aiseoturbo.com/it/help/security/two-factor-authentication","it","Italiano","Configurazione Autenticazione Due Fattori - | AI SEO Turbo","58","en","OK",""
"https://www.aiseoturbo.com/id/help/security/two-factor-authentication","id","Bahasa Indonesia","Konfigurasi Otentikasi Dua Faktor - | AI SEO Turbo","50","en","OK",""
"https://www.aiseoturbo.com/fr/help/security/best-practices","fr","Français","Meilleures Pratiques Sécurité - France | AI SEO Turbo","53","en","OK",""
"https://www.aiseoturbo.com/de/help/security/best-practices","de","Deutsch","Sicherheits Best Practices - Deutschland | AI SEO Turbo","55","en","OK",""
"https://www.aiseoturbo.com/es/help/security/best-practices","es","Español","Mejores Prácticas Seguridad - España | AI SEO Turbo","51","en","OK",""
"https://www.aiseoturbo.com/it/help/security/best-practices","it","Italiano","Migliori Pratiche Sicurezza - Italia | AI SEO Turbo","51","en","OK",""
"https://www.aiseoturbo.com/id/help/security/best-practices","id","Bahasa Indonesia","Praktik Terbaik Keamanan - Indonesia | AI SEO Turbo","51","en","OK",""
"https://www.aiseoturbo.com/fr/help/troubleshooting","fr","Français","Dépannage - Problèmes Courants - France | AI SEO Turbo","54","en","OK",""
"https://www.aiseoturbo.com/de/help/troubleshooting","de","Deutsch","Fehlerbehebung - Häufige Probleme - | AI SEO Turbo","50","en","OK",""
"https://www.aiseoturbo.com/es/help/troubleshooting","es","Español","Solución Problemas - Comunes - España | AI SEO Turbo","52","en","OK",""
"https://www.aiseoturbo.com/it/help/troubleshooting","it","Italiano","Risoluzione Problemi - Comuni - Italia | AI SEO Turbo","53","en","OK",""
"https://www.aiseoturbo.com/id/help/troubleshooting","id","Bahasa Indonesia","Pemecahan Masalah - Umum - Indonesia | AI SEO Turbo","51","en","OK",""
"https://www.aiseoturbo.com/fr/help/troubleshooting/login-issues","fr","Français","Problèmes Connexion - Dépannage - France | AI SEO Turbo","55","en","OK",""
"https://www.aiseoturbo.com/de/help/troubleshooting/login-issues","de","Deutsch","Anmeldeprobleme - Fehlerbehebung - Complete | AI SEO Turbo","58","en","OK",""
"https://www.aiseoturbo.com/es/help/troubleshooting/login-issues","es","Español","Problemas Inicio Sesión - Solución - España | AI SEO Turbo","58","en","OK",""
"https://www.aiseoturbo.com/it/help/troubleshooting/login-issues","it","Italiano","Problemi Accesso - Risoluzione - Italia | AI SEO Turbo","54","en","OK",""
"https://www.aiseoturbo.com/id/help/troubleshooting/login-issues","id","Bahasa Indonesia","Masalah Login - Pemecahan - Indonesia | AI SEO Turbo","52","en","OK",""
"https://www.aiseoturbo.com/fr/help/troubleshooting/audit-issues","fr","Français","Problèmes Audit - Dépannage - France | AI SEO Turbo","51","en","OK",""
"https://www.aiseoturbo.com/de/help/troubleshooting/audit-issues","de","Deutsch","Audit Probleme - Fehlerbehebung - Complete | AI SEO Turbo","57","en","OK",""
"https://www.aiseoturbo.com/es/help/troubleshooting/audit-issues","es","Español","Problemas Auditoría - Solución - España | AI SEO Turbo","54","en","OK",""
"https://www.aiseoturbo.com/it/help/troubleshooting/audit-issues","it","Italiano","Problemi Audit - Risoluzione - Italia | AI SEO Turbo","52","en","OK",""
"https://www.aiseoturbo.com/id/help/troubleshooting/audit-issues","id","Bahasa Indonesia","Masalah Audit - Pemecahan - Indonesia | AI SEO Turbo","52","en","OK",""
"https://www.aiseoturbo.com/fr/help/troubleshooting/performance","fr","Français","Problèmes Performance - Dépannage - France | AI SEO Turbo","57","en","OK",""
"https://www.aiseoturbo.com/de/help/troubleshooting/performance","de","Deutsch","Leistungsprobleme - Fehlerbehebung - | AI SEO Turbo","51","en","OK",""
"https://www.aiseoturbo.com/es/help/troubleshooting/performance","es","Español","Problemas Rendimiento - Solución - España | AI SEO Turbo","56","en","OK",""
"https://www.aiseoturbo.com/it/help/troubleshooting/performance","it","Italiano","Problemi Prestazioni - Risoluzione - Italia | AI SEO Turbo","58","en","OK",""
"https://www.aiseoturbo.com/id/help/troubleshooting/performance","id","Bahasa Indonesia","Masalah Performa - Pemecahan - Indonesia | AI SEO Turbo","55","en","OK",""
"https://www.aiseoturbo.com/fr/help/troubleshooting/sync-issues","fr","Français","Problèmes Synchronisation - Dépannage - | AI SEO Turbo","54","en","OK",""
"https://www.aiseoturbo.com/de/help/troubleshooting/sync-issues","de","Deutsch","Synchronisationsprobleme - Fehlerbehebung - | AI SEO Turbo","58","en","OK",""
"https://www.aiseoturbo.com/es/help/troubleshooting/sync-issues","es","Español","Problemas Sincronización - Solución - España | AI SEO Turbo","59","en","OK",""
"https://www.aiseoturbo.com/it/help/troubleshooting/sync-issues","it","Italiano","Problemi Sincronizzazione - Risoluzione - | AI SEO Turbo","56","en","OK",""
"https://www.aiseoturbo.com/id/help/troubleshooting/sync-issues","id","Bahasa Indonesia","Masalah Sinkronisasi - Pemecahan - Indonesia | AI SEO Turbo","59","en","OK",""
"https://www.aiseoturbo.com/fr/help/api-integrations","fr","Français","Guide API & Intégrations - Endpoints - | AI SEO Turbo","53","en","OK",""
"https://www.aiseoturbo.com/de/help/api-integrations","de","Deutsch","API & Integrationen Guide - Endpunkte - | AI SEO Turbo","54","en","OK",""
"https://www.aiseoturbo.com/es/help/api-integrations","es","Español","Guía API & Integraciones - Endpoints - | AI SEO Turbo","53","en","OK",""
"https://www.aiseoturbo.com/it/help/api-integrations","it","Italiano","Guida API & Integrazioni - Endpoint - Italia | AI SEO Turbo","59","en","OK",""
"https://www.aiseoturbo.com/id/help/api-integrations","id","Bahasa Indonesia","Panduan API & Integrasi - Endpoint - | AI SEO Turbo","51","en","OK",""
"https://www.aiseoturbo.com/fr/help/api/authentication","fr","Français","Authentification API - Guide Développeur - | AI SEO Turbo","57","en","OK",""
"https://www.aiseoturbo.com/de/help/api/authentication","de","Deutsch","API Authentifizierung - Entwickler Guide - | AI SEO Turbo","57","en","OK",""
"https://www.aiseoturbo.com/es/help/api/authentication","es","Español","Autenticación API - Guía Desarrollador - | AI SEO Turbo","55","en","OK",""
"https://www.aiseoturbo.com/it/help/api/authentication","it","Italiano","Autenticazione API - Guida Sviluppatore - | AI SEO Turbo","56","en","OK",""
"https://www.aiseoturbo.com/id/help/api/authentication","id","Bahasa Indonesia","Otentikasi API - Panduan Pengembang - | AI SEO Turbo","52","en","OK",""
"https://www.aiseoturbo.com/fr/help/api/webhooks","fr","Français","Intégration Webhooks API - Notifications - | AI SEO Turbo","57","en","OK",""
"https://www.aiseoturbo.com/de/help/api/webhooks","de","Deutsch","API Webhooks Integration - Complete | AI SEO Turbo","50","en","OK",""
"https://www.aiseoturbo.com/es/help/api/webhooks","es","Español","Integración Webhooks API - Notificaciones - | AI SEO Turbo","58","en","OK",""
"https://www.aiseoturbo.com/it/help/api/webhooks","it","Italiano","Integrazione Webhooks API - Notifiche - | AI SEO Turbo","54","en","OK",""
"https://www.aiseoturbo.com/id/help/api/webhooks","id","Bahasa Indonesia","Integrasi Webhooks API - Notifikasi - | AI SEO Turbo","52","en","OK",
